timestamp,entry_price,confidence,spread_zscore,model_signal,final_decision,reason,profit,stop_loss_pct,take_profit_pct2025-05-26 11:52:44.407428,8.34e-06,0.9154,1.3803,,1,cointegrated_trade_ETH,,0.15,0.28272025-05-26 12:28:11.345045,-1.34e-06,0.8577,-0.8403,,0,forced_exit,-1.105624,0.15,0.25392025-05-26 12:34:40.341067,-1.02e-06,0.8822,-1.0203,,0,forced_exit,-1.845268,0.15,0.26612025-05-26 14:13:55.029000+00:00,9.13e-06,0.9619,1.0903,,1,ml_cointegrated_trade_ETH,,0.15,0.30592025-05-26T15:17:16+00:00,3.44e-06,0.0,0.0,,0,veto_spread_too_small,,,2025-05-26T16:15:37+00:00,-1.95e-06,0.0,0.0,,0,veto_spread_too_small,,,2025-05-26T16:25:08.030000+00:00,3.45e-06,0.0,0.0,,0,veto_spread_too_small,,,2025-05-26T16:28:21+00:00,3.48e-06,0.0,0.0,,0,veto_spread_too_small,,,2025-05-26T16:37:36.022000+00:00,6.8e-06,0.0,0.0,,0,veto_spread_too_small,,,timestamp,entry_price,confidence,spread_zscore,model_signal,final_decision,reason,profit,stop_loss_pct,take_profit_pct2025-05-26T16:54:07.029000+00:00,6.82e-06,0.0,0.0,,0,veto_spread_too_small,,,,,2025-05-26T17:24:55+00:00,-6.1e-07,0.0,0.0171,,0,veto_zscore_low,,,,2025-05-27T13:39:35.034000+00:00,-6.53e-06,0.0,0.0,,0,veto_zscore_low,,,2025-05-27T16:12:36.036000+00:00,1.167e-05,0.0,0.0,,0,veto_zscore_low,,,2025-05-29T11:20:51.023000+03:00,-9.76e-06,0.6951,0.0,-1,0,waiting_for_cluster,,,,0.9999994039535522,bull2025-05-30T09:52:49+03:00,-4e-08,0.9666,0.0,-1,0,waiting_for_cluster,,,,0.9999992847442627,bull
2025-06-06T13:25:18.040000+03:00,5.9e-06,0.873,0.0,-1,0,veto_neutral_leg,,,,0.9999983310699463,bull
2025-06-06T13:25:19+03:00,5.9e-06,0.873,0.0,-1,0,veto_neutral_leg,,,,0.9999983310699463,bull
2025-06-06T13:25:19.026000+03:00,5.91e-06,0.873,0.0,-1,0,veto_neutral_leg,,,,0.9999983310699463,bull
2025-06-06T13:25:19.039000+03:00,6.39e-06,0.8931,0.0,-1,0,veto_neutral_leg,,,,0.9999983310699463,bull
2025-06-06T13:25:20+03:00,6.39e-06,0.8817,0.0,-1,0,veto_neutral_leg,,,,0.9999973773956299,bull
2025-06-06T13:25:20.026000+03:00,6.38e-06,0.8724,0.0,-1,0,veto_neutral_leg,,,,0.9999980926513672,bull
2025-06-06T13:25:20.039000+03:00,6.38e-06,0.8724,0.0,-1,0,veto_neutral_leg,,,,0.9999980926513672,bull
2025-06-06T13:25:21+03:00,6.38e-06,0.8724,0.0,-1,0,veto_neutral_leg,,,,0.9999980926513672,bull
2025-06-06T13:25:21.026000+03:00,6.39e-06,0.8931,0.0,-1,0,veto_neutral_leg,,,,0.9999983310699463,bull
2025-06-06T13:25:21.039000+03:00,6e-06,0.898,0.0,-1,0,veto_neutral_leg,,,,0.9999983310699463,bull
2025-06-06T13:25:22+03:00,6e-06,0.898,0.0,-1,0,veto_neutral_leg,,,,0.9999983310699463,bull
2025-06-06T13:25:22.026000+03:00,6e-06,0.898,0.0,-1,0,veto_neutral_leg,,,,0.9999983310699463,bull
2025-06-06T13:25:22.039000+03:00,5.91e-06,0.9005,0.0,-1,0,veto_neutral_leg,,,,0.9999983310699463,bull
2025-06-06T13:25:23+03:00,5.91e-06,0.9005,0.0,-1,0,veto_neutral_leg,,,,0.9999983310699463,bull
2025-06-06T13:25:23.026000+03:00,5.91e-06,0.873,0.0,-1,0,veto_neutral_leg,,,,0.9999983310699463,bull
2025-06-06T13:25:23.040000+03:00,-1.71e-06,0.6961,0.0,-1,0,veto_neutral_leg,,,,0.9999977350234985,bull
2025-06-06T13:25:24.026000+03:00,-1.71e-06,0.5888,0.0,-1,0,veto_neutral_leg,,,,0.9999990463256836,bull
2025-06-06T13:25:24.040000+03:00,-1.81e-06,0.5888,0.0,-1,0,veto_neutral_leg,,,,0.9999990463256836,bull
2025-06-06T13:25:25+03:00,-1.81e-06,0.5425,0.0,-1,0,veto_neutral_leg,,,,0.9999988079071045,bull
2025-06-06T13:25:25.026000+03:00,-1.81e-06,0.5032,0.0,-1,0,veto_neutral_leg,,,,0.9999988079071045,bull
2025-06-06T13:25:25.039000+03:00,-1.81e-06,0.5336,0.0,-1,0,veto_neutral_leg,,,,0.9999990463256836,bull
2025-06-06T13:25:26+03:00,-1.81e-06,0.5825,0.0,-1,0,veto_neutral_leg,,,,0.9999990463256836,bull
2025-06-06T13:25:26.026000+03:00,-1.81e-06,0.6022,0.0,-1,0,veto_neutral_leg,,,,0.9999990463256836,bull
2025-06-06T13:25:26.039000+03:00,-1.81e-06,0.6118,0.0,-1,0,veto_neutral_leg,,,,0.9999994039535522,bull
2025-06-06T13:25:27+03:00,-1.81e-06,0.6055,0.0,-1,0,veto_neutral_leg,,,,0.9999994039535522,bull
2025-06-06T13:25:27.026000+03:00,-1.81e-06,0.7511,0.0,-1,0,veto_neutral_leg,,,,0.9999994039535522,bull
2025-06-06T13:25:27.026000+03:00,-3.83e-06,0.7607,0.0,-1,0,veto_neutral_leg,,,,0.9999996423721313,bull
2025-06-06T13:25:28+03:00,6.17e-06,0.9023,0.0,-1,0,veto_neutral_leg,,,,0.9999985694885254,bull
2025-06-06T13:25:28.026000+03:00,6.17e-06,0.8944,0.0,-1,0,veto_neutral_leg,,,,0.9999985694885254,bull
2025-06-06T13:25:28.040000+03:00,2.89e-06,0.8164,0.0,-1,0,veto_neutral_leg,,,,0.9999988079071045,bull
2025-06-06T13:25:29+03:00,2.89e-06,0.8164,0.0,-1,0,veto_neutral_leg,,,,0.9999988079071045,bull
2025-06-06T13:25:29.026000+03:00,2.89e-06,0.8164,0.0,-1,0,veto_neutral_leg,,,,0.9999988079071045,bull
2025-06-06T13:25:29.040000+03:00,1.73e-06,0.8713,0.0,-1,0,veto_neutral_leg,,,,0.9999990463256836,bull
2025-06-06T13:25:30.027000+03:00,1.73e-06,0.8779,0.0,-1,0,veto_neutral_leg,,,,0.9999990463256836,bull
2025-06-06T13:25:30.041000+03:00,1.73e-06,0.8977,0.0,-1,0,veto_neutral_leg,,,,0.9999992847442627,bull
2025-06-06T13:25:31+03:00,1.73e-06,0.8993,0.0,-1,0,veto_neutral_leg,,,,0.9999992847442627,bull
2025-06-06T13:25:31.026000+03:00,1.73e-06,0.8993,0.0,-1,0,veto_neutral_leg,,,,0.9999992847442627,bull
2025-06-06T13:25:31.039000+03:00,-1.06e-06,0.8625,0.0,-1,0,veto_neutral_leg,,,,0.9999996423721313,bull
2025-06-06T13:25:32+03:00,-1.06e-06,0.8625,0.0,-1,0,veto_neutral_leg,,,,0.9999996423721313,bull
2025-06-06T13:25:32.026000+03:00,-1.06e-06,0.8666,0.0,-1,0,veto_neutral_leg,,,,0.9999996423721313,bull
2025-06-06T13:25:32.040000+03:00,-9.7e-07,0.9042,0.0,-1,0,veto_neutral_leg,,,,0.9999996423721313,bull
2025-06-06T13:25:33+03:00,-9.7e-07,0.8823,0.0,-1,0,veto_neutral_leg,,,,0.9999996423721313,bull
2025-06-06T13:25:33.026000+03:00,-9.7e-07,0.85,0.0,-1,0,veto_neutral_leg,,,,0.9999996423721313,bull
2025-06-06T13:25:33.039000+03:00,-1.06e-06,0.8386,0.0,-1,0,veto_neutral_leg,,,,0.9999996423721313,bull
2025-06-06T13:25:34+03:00,-1.06e-06,0.8393,0.0,-1,0,veto_neutral_leg,,,,0.9999996423721313,bull
2025-06-06T13:25:34.026000+03:00,-1.06e-06,0.8144,0.0,-1,0,veto_neutral_leg,,,,0.9999996423721313,bull
2025-06-06T13:25:34.026000+03:00,-9.7e-07,0.8248,0.0,-1,0,veto_neutral_leg,,,,0.9999997615814209,bull
2025-06-06T13:25:35+03:00,-9.7e-07,0.8248,0.0,-1,0,veto_neutral_leg,,,,0.9999997615814209,bull
2025-06-06T13:25:35.026000+03:00,-9.7e-07,0.822,0.0,-1,0,veto_neutral_leg,,,,0.9999997615814209,bull
2025-06-06T13:25:35.039000+03:00,-9.7e-07,0.8372,0.0,-1,0,veto_neutral_leg,,,,0.9999997615814209,bull
2025-06-06T13:25:36+03:00,-9.7e-07,0.8383,0.0,-1,0,veto_neutral_leg,,,,0.9999997615814209,bull
2025-06-06T13:25:36.026000+03:00,-9.7e-07,0.8496,0.0,-1,0,veto_neutral_leg,,,,0.9999997615814209,bull
2025-06-06T13:25:36.040000+03:00,-4.34e-06,0.804,0.0,-1,0,veto_neutral_leg,,,,0.9999994039535522,bull
2025-06-06T13:25:37+03:00,-4.34e-06,0.8026,0.0,-1,0,veto_neutral_leg,,,,0.9999995231628418,bull
2025-06-06T13:25:37.026000+03:00,-4.34e-06,0.8134,0.0,-1,0,veto_neutral_leg,,,,0.9999995231628418,bull
2025-06-06T13:25:37.041000+03:00,-8.2e-06,0.8044,0.0,-1,0,veto_neutral_leg,,,,0.9999997615814209,bull
2025-06-06T13:25:38+03:00,-8.2e-06,0.7433,0.0,-1,0,veto_neutral_leg,,,,0.9999994039535522,bull
2025-06-06T13:25:38.026000+03:00,-8.2e-06,0.582,0.0,1,0,veto_neutral_leg,,,,0.9999994039535522,bull
2025-06-06T13:25:38.041000+03:00,-8.97e-06,0.5396,0.0,-1,0,veto_neutral_leg,,,,0.9999994039535522,bull
2025-06-06T13:25:39+03:00,-8.97e-06,0.5767,0.0,1,0,veto_neutral_leg,,,,0.9999994039535522,bull
2025-06-06T13:25:39.027000+03:00,-8.97e-06,0.552,0.0,1,0,veto_neutral_leg,,,,0.9999995231628418,bull
2025-06-06T13:25:39.027000+03:00,-8.97e-06,0.5839,0.0,1,0,veto_neutral_leg,,,,0.9999995231628418,bull
2025-06-06T13:25:40+03:00,-8.97e-06,0.5953,0.0,1,0,veto_neutral_leg,,,,0.9999995231628418,bull
2025-06-06T13:25:40.026000+03:00,-8.96e-06,0.771,0.0,1,0,veto_neutral_leg,,,,0.9999995231628418,bull
2025-06-06T13:25:40.040000+03:00,-8.96e-06,0.7608,0.0,1,0,veto_neutral_leg,,,,0.9999995231628418,bull
2025-06-06T13:25:41+03:00,1.04e-06,0.6667,0.0,1,0,veto_neutral_leg,,,,0.9999995231628418,bull
2025-06-06T13:25:41.026000+03:00,1.04e-06,0.6844,0.0,1,0,veto_neutral_leg,,,,0.9999995231628418,bull
2025-06-06T13:25:41.040000+03:00,-3.1e-07,0.7362,0.0,1,0,veto_neutral_leg,,,,0.9999995231628418,bull
2025-06-06T13:25:42+03:00,-3.1e-07,0.7362,0.0,1,0,veto_neutral_leg,,,,0.9999995231628418,bull
2025-06-06T13:25:42.026000+03:00,-3.2e-07,0.7581,0.0,1,0,veto_neutral_leg,,,,0.9999995231628418,bull
2025-06-06T13:25:42.040000+03:00,-4.85e-06,0.7054,0.0,1,0,veto_neutral_leg,,,,0.9999994039535522,bull
2025-06-06T13:25:43+03:00,-4.85e-06,0.7564,0.0,1,0,veto_neutral_leg,,,,0.9999994039535522,bull
2025-06-06T13:25:43.026000+03:00,-4.85e-06,0.8054,0.0,1,0,veto_neutral_leg,,,,0.9999994039535522,bull
2025-06-06T13:25:43.040000+03:00,-4.94e-06,0.8141,0.0,1,0,veto_neutral_leg,,,,0.9999994039535522,bull
2025-06-06T13:25:44.026000+03:00,-4.94e-06,0.7997,0.0,1,0,veto_neutral_leg,,,,0.9999994039535522,bull
2025-06-06T13:25:44.040000+03:00,-4.85e-06,0.8922,0.0,1,0,veto_neutral_leg,,,,0.9999995231628418,bull
2025-06-06T13:25:45+03:00,-4.85e-06,0.8745,0.0,1,0,veto_neutral_leg,,,,0.9999995231628418,bull
2025-06-06T13:25:45.026000+03:00,-4.85e-06,0.8676,0.0,1,0,veto_neutral_leg,,,,0.9999995231628418,bull
2025-06-06T13:25:45.040000+03:00,-4.94e-06,0.8676,0.0,1,0,veto_neutral_leg,,,,0.9999995231628418,bull
2025-06-06T13:25:46+03:00,5.06e-06,0.6389,0.0,1,0,veto_neutral_leg,,,,0.9999990463256836,bull
2025-06-06T13:25:46.026000+03:00,5.06e-06,0.6228,0.0,1,0,veto_neutral_leg,,,,0.9999990463256836,bull
2025-06-06T13:25:46.040000+03:00,5.15e-06,0.6912,0.0,1,0,veto_neutral_leg,,,,0.9999990463256836,bull
2025-06-06T13:25:47.026000+03:00,5.15e-06,0.6133,0.0,1,0,veto_neutral_leg,,,,0.9999990463256836,bull
2025-06-06T13:25:47.041000+03:00,5.15e-06,0.5708,0.0,-1,0,veto_neutral_leg,,,,0.9999990463256836,bull
2025-06-06T13:25:48+03:00,5.15e-06,0.5938,0.0,-1,0,veto_neutral_leg,,,,0.9999992847442627,bull
2025-06-06T13:25:48.026000+03:00,5.15e-06,0.6358,0.0,-1,0,veto_neutral_leg,,,,0.9999992847442627,bull
2025-06-06T13:25:48.039000+03:00,5.15e-06,0.5488,0.0,-1,0,veto_neutral_leg,,,,0.9999992847442627,bull
2025-06-06T13:25:49+03:00,5.15e-06,0.6225,0.0,-1,0,veto_neutral_leg,,,,0.9999992847442627,bull
2025-06-06T13:25:49.026000+03:00,5.15e-06,0.6513,0.0,-1,0,veto_neutral_leg,,,,0.9999957084655762,bull
2025-06-06T13:25:49.040000+03:00,5.15e-06,0.729,0.0,-1,0,veto_neutral_leg,,,,0.9999948740005493,bull
2025-06-06T13:25:50.026000+03:00,5.15e-06,0.7719,0.0,-1,0,veto_neutral_leg,,,,0.9999949932098389,bull
2025-06-06T13:25:50.040000+03:00,5.06e-06,0.9186,0.0,-1,0,veto_neutral_leg,,,,0.9999986886978149,bull
2025-06-06T13:25:51.026000+03:00,5.06e-06,0.926,0.0,-1,0,veto_neutral_leg,,,,0.9999996423721313,bull
2025-06-06T13:25:51.039000+03:00,5.06e-06,0.9276,0.0,-1,0,veto_neutral_leg,,,,0.9999996423721313,bull
2025-06-06T13:25:52.026000+03:00,5.06e-06,0.9379,0.0,-1,0,veto_neutral_leg,,,,0.9999996423721313,bull
2025-06-06T13:25:52.040000+03:00,5.06e-06,0.9084,0.0,-1,0,veto_neutral_leg,,,,0.9999996423721313,bull
2025-06-06T13:25:53+03:00,5.06e-06,0.896,0.0,-1,0,veto_neutral_leg,,,,0.9999996423721313,bull
2025-06-06T13:25:53.026000+03:00,5.06e-06,0.9285,0.0,-1,0,veto_neutral_leg,,,,0.9999996423721313,bull
2025-06-06T13:25:53.040000+03:00,5.35e-06,0.9254,0.0,-1,0,veto_neutral_leg,,,,0.9999996423721313,bull
2025-06-06T13:25:54+03:00,5.35e-06,0.9642,1.0138,-1,0,veto_z_slope,,,,0.9999998807907104,bull
2025-06-06T13:25:54.026000+03:00,5.35e-06,0.9642,1.0037,-1,0,veto_z_slope,,,,0.9999998807907104,bull
2025-06-06T13:25:54.040000+03:00,6.89e-06,0.9801,1.3068,-1,0,veto_z_slope,,,,0.9999996423721313,bull
2025-06-06T13:25:55+03:00,6.89e-06,0.9901,1.2897,-1,0,veto_z_slope,,,,0.9999996423721313,bull
2025-06-06T13:25:55.014000+03:00,6.89e-06,0.9932,1.2734,-1,0,veto_z_slope,,,,0.9999996423721313,bull
2025-06-06T13:25:55.029000+03:00,7.85e-06,0.9976,1.45,-1,0,veto_z_slope,,,,0.9999995231628418,bull
2025-06-06T13:25:56.026000+03:00,7.85e-06,0.9974,1.429,-1,0,veto_z_slope,,,,0.9999995231628418,bull
2025-06-06T13:25:56.040000+03:00,7.85e-06,0.995,1.4089,-1,0,veto_z_slope,,,,0.9999995231628418,bull
2025-06-06T13:25:57+03:00,7.85e-06,0.9889,1.3897,-1,0,veto_z_slope,,,,0.9999995231628418,bull
2025-06-06T13:25:57.026000+03:00,7.85e-06,0.9892,1.3712,-1,0,veto_z_slope,,,,0.9999995231628418,bull
2025-06-06T13:25:57.040000+03:00,8.82e-06,0.9787,1.5408,-1,0,veto_z_slope,,,,0.9999995231628418,bull
2025-06-06T13:25:58.026000+03:00,8.82e-06,0.9897,1.5177,-1,0,veto_z_slope,,,,0.9999995231628418,bull
2025-06-06T13:25:58.040000+03:00,8.82e-06,0.9885,1.4956,-1,0,veto_z_slope,,,,0.9999995231628418,bull
2025-06-06T13:25:59.025000+03:00,8.82e-06,0.9914,1.474,-1,0,veto_z_slope,,,,0.9999995231628418,bull
2025-06-06T13:25:59.039000+03:00,8.82e-06,0.9908,1.4538,-1,0,veto_z_slope,,,,0.9999995231628418,bull
2025-06-06T13:26:00+03:00,8.82e-06,0.9897,1.4343,-1,0,veto_z,,,,0.9999995231628418,bull
2025-06-06T13:26:00.026000+03:00,6.7e-06,0.9706,1.0143,-1,0,veto_z,,,,0.9999988079071045,bull
2025-06-06T13:26:00.040000+03:00,1.171e-05,0.9873,1.9477,-1,0,veto_z_slope,,,,0.9999977350234985,bull
2025-06-06T13:26:01+03:00,1.171e-05,0.9776,1.909,-1,0,veto_z_slope,,,,0.9999977350234985,bull
2025-06-06T13:26:01.026000+03:00,1.171e-05,0.9771,1.8725,-1,0,veto_z_slope,,,,0.9999984502792358,bull
2025-06-06T13:26:01.040000+03:00,9.69e-06,0.995,1.4725,-1,0,veto_z_slope,,,,0.9999990463256836,bull
2025-06-06T13:26:02+03:00,9.69e-06,0.9948,1.4535,-1,0,veto_z_slope,,,,0.9999980926513672,bull
2025-06-06T13:26:02.026000+03:00,9.69e-06,0.9953,1.4351,-1,0,veto_z,,,,0.9999988079071045,bull
2025-06-06T13:26:02.040000+03:00,9.69e-06,0.995,1.4175,-1,0,veto_z,,,,0.9999988079071045,bull
2025-06-06T13:26:03+03:00,9.69e-06,0.9945,1.4004,-1,0,veto_z,,,,0.9999988079071045,bull
2025-06-06T13:26:03.027000+03:00,9.69e-06,0.993,1.384,-1,0,veto_z_slope,,,,0.9999991655349731,bull
2025-06-06T13:26:03.041000+03:00,7.86e-06,0.9941,1.0403,-1,0,veto_z,,,,0.9999988079071045,bull
2025-06-06T13:26:04+03:00,7.86e-06,0.994,1.0318,-1,0,veto_z,,,,0.9999988079071045,bull
2025-06-06T13:26:04.027000+03:00,7.86e-06,0.994,1.0235,-1,0,veto_z,,,,0.9999988079071045,bull
2025-06-06T13:26:04.041000+03:00,8.73e-06,0.9947,1.1711,-1,0,veto_z,,,,0.9999991655349731,bull
2025-06-06T13:26:05.027000+03:00,8.73e-06,0.9947,1.1605,-1,0,veto_z,,,,0.9999991655349731,bull
2025-06-06T13:26:05.041000+03:00,1.056e-05,0.9911,1.476,-1,0,veto_z_slope,,,,0.9999980926513672,bull
2025-06-06T13:26:06.026000+03:00,1.056e-05,0.9911,1.4589,-1,0,veto_z_slope,,,,0.9999980926513672,bull
2025-06-06T13:26:06.040000+03:00,1.056e-05,0.9907,1.4419,-1,0,veto_z_slope,,,,0.9999980926513672,bull
2025-06-06T13:26:07+03:00,1.056e-05,0.9894,1.4255,-1,0,veto_z_slope,,,,0.9999991655349731,bull
2025-06-06T13:26:07.027000+03:00,1.056e-05,0.9859,1.4096,-1,0,veto_z_slope,,,,0.9999991655349731,bull
2025-06-06T13:26:07.041000+03:00,1.316e-05,0.957,1.8436,-1,0,veto_z_slope,,,,0.9999991655349731,bull
2025-06-06T13:26:08+03:00,1.316e-05,0.9528,1.8145,-1,0,veto_z_slope,,,,0.9999991655349731,bull
2025-06-06T13:26:08.026000+03:00,1.316e-05,0.9737,1.7867,-1,0,veto_z_slope,,,,0.9999991655349731,bull
2025-06-06T13:26:08.026000+03:00,1.326e-05,0.9743,1.7763,-1,0,veto_z_slope,,,,0.9999980926513672,bull
2025-06-06T13:26:09+03:00,1.326e-05,0.9741,1.7503,-1,0,veto_z_slope,,,,0.9999980926513672,bull
2025-06-06T13:26:09.026000+03:00,1.326e-05,0.9696,1.7255,-1,0,veto_z_slope,,,,0.9999991655349731,bull
2025-06-06T13:26:09.040000+03:00,1.442e-05,0.9901,1.8909,-1,0,veto_z_slope,,,,0.9999990463256836,bull
2025-06-06T13:26:10+03:00,1.442e-05,0.9912,1.8612,-1,0,veto_z_slope,,,,0.9999990463256836,bull
2025-06-06T13:26:10.026000+03:00,1.441e-05,0.9912,1.8324,-1,0,veto_z_slope,,,,0.9999990463256836,bull
2025-06-06T13:26:10.040000+03:00,1.451e-05,0.9892,1.8207,-1,0,veto_z_slope,,,,0.9999990463256836,bull
2025-06-06T13:26:11+03:00,4.51e-06,0.7589,0.1777,-1,0,veto_z,,,,0.9999984502792358,bear
2025-06-06T13:26:11.026000+03:00,4.51e-06,0.7589,0.1771,-1,0,veto_z,,,,0.9999984502792358,bear
2025-06-06T13:26:11.040000+03:00,6.34e-06,0.9222,0.4778,-1,0,veto_z,,,,0.9999984502792358,bear
2025-06-06T13:26:12+03:00,6.34e-06,0.9265,0.4759,-1,0,veto_z,,,,0.9999984502792358,bear
2025-06-06T13:26:12.026000+03:00,6.34e-06,0.9442,0.4743,-1,0,veto_z,,,,0.9999984502792358,bear
2025-06-06T13:26:12.040000+03:00,6.34e-06,0.9294,0.4724,-1,0,veto_z_slope,,,,0.9999990463256836,bear
2025-06-06T13:26:13+03:00,6.34e-06,0.9346,0.4705,-1,0,veto_z_slope,,,,0.9999990463256836,bear
2025-06-06T13:26:13.026000+03:00,6.34e-06,0.9357,0.4686,-1,0,veto_z_slope,,,,0.9999991655349731,bull
2025-06-06T13:26:13.040000+03:00,8.27e-06,0.9786,0.7881,-1,0,veto_z_slope,,,,0.9999991655349731,bull
2025-06-06T13:26:14+03:00,8.27e-06,0.9786,0.784,-1,0,veto_z_slope,,,,0.9999991655349731,bull
2025-06-06T13:26:14.026000+03:00,8.27e-06,0.9786,0.7799,-1,0,veto_z_slope,,,,0.9999991655349731,bull
2025-06-06T13:26:14.039000+03:00,1.03e-05,0.9906,1.1131,-1,0,veto_z_slope,,,,0.9999980926513672,bull
2025-06-06T13:26:15+03:00,1.03e-05,0.9916,1.1052,-1,0,veto_z_slope,,,,0.9999980926513672,bull
2025-06-06T13:26:15.027000+03:00,1.03e-05,0.9906,1.0975,-1,0,veto_z_slope,,,,0.9999991655349731,bull
2025-06-06T13:26:15.040000+03:00,1.116e-05,0.9925,1.2336,-1,0,veto_z_slope,,,,0.9999980926513672,bull
2025-06-06T13:26:16+03:00,1.116e-05,0.9923,1.2239,-1,0,veto_z_slope,,,,0.9999980926513672,bull
2025-06-06T13:26:16.026000+03:00,1.116e-05,0.9926,1.2146,-1,0,veto_z_slope,,,,0.9999990463256836,bull
2025-06-06T13:26:16.040000+03:00,8.46e-06,0.9836,0.7592,-1,0,veto_z,,,,0.9999988079071045,bull
2025-06-06T13:26:17+03:00,8.46e-06,0.9836,0.7555,-1,0,veto_z,,,,0.9999988079071045,bull
2025-06-06T13:26:17.026000+03:00,8.46e-06,0.9838,0.7516,-1,0,veto_z,,,,0.9999988079071045,bull
2025-06-06T13:26:17.039000+03:00,8.46e-06,0.9838,0.748,-1,0,veto_z,,,,0.9999988079071045,bull
2025-06-06T13:26:18.013000+03:00,8.46e-06,0.9838,0.7445,-1,0,veto_z,,,,0.9999988079071045,bull
2025-06-06T13:26:18.026000+03:00,8.46e-06,0.9817,0.7415,-1,0,veto_z_slope,,,,0.9999991655349731,bull
2025-06-06T13:26:18.040000+03:00,9.23e-06,0.9869,0.867,-1,0,veto_z_slope,,,,0.9999990463256836,bull
2025-06-06T13:26:19+03:00,9.23e-06,0.9869,0.8626,-1,0,veto_z_slope,,,,0.9999990463256836,bull
2025-06-06T13:26:19.026000+03:00,9.23e-06,0.9869,0.8578,-1,0,veto_z_slope,,,,0.9999990463256836,bull
2025-06-06T13:26:19.039000+03:00,9.33e-06,0.9879,0.8696,-1,0,veto_z_slope,,,,0.9999990463256836,bull
2025-06-06T13:26:20+03:00,9.33e-06,0.9879,0.8652,-1,0,veto_z_slope,,,,0.9999990463256836,bull
2025-06-06T13:26:20.026000+03:00,9.33e-06,0.987,0.8612,-1,0,veto_z_slope,,,,0.9999991655349731,bull
2025-06-06T13:26:20.040000+03:00,9.33e-06,0.987,0.857,-1,0,veto_z_slope,,,,0.9999991655349731,bull
2025-06-06T13:26:21+03:00,9.33e-06,0.9853,0.8528,-1,0,veto_z_slope,,,,0.9999991655349731,bull
2025-06-06T13:26:21.026000+03:00,9.33e-06,0.9853,0.8482,-1,0,veto_z_slope,,,,0.9999991655349731,bull
2025-06-06T13:26:21.040000+03:00,8.46e-06,0.981,0.698,-1,0,veto_z,,,,0.9999991655349731,bull
2025-06-06T13:26:22+03:00,8.46e-06,0.9847,0.6951,-1,0,veto_z,,,,0.9999991655349731,bull
2025-06-06T13:26:22.026000+03:00,8.46e-06,0.9847,0.6926,-1,0,veto_z,,,,0.9999991655349731,bull
2025-06-06T13:26:22.039000+03:00,8.37e-06,0.9811,0.6734,-1,0,veto_z,,,,0.9999991655349731,bull
2025-06-06T13:26:23.026000+03:00,8.3e-06,0.9811,0.6594,-1,0,veto_z,,,,0.999998927116394,bull
2025-06-06T13:26:23.026000+03:00,8.4e-06,0.9762,0.6732,-1,0,veto_z,,,,0.9999991655349731,bull
2025-06-06T13:26:24+03:00,8.4e-06,0.9762,0.6705,-1,0,veto_z,,,,0.9999991655349731,bull
2025-06-06T13:26:24.026000+03:00,8.4e-06,0.9762,0.6683,-1,0,veto_z,,,,0.9999991655349731,bull
2025-06-06T13:26:24.039000+03:00,8.4e-06,0.9762,0.6657,-1,0,veto_z_slope,,,,0.9999991655349731,bull
2025-06-06T13:26:25+03:00,8.4e-06,0.9762,0.6631,-1,0,veto_z_slope,,,,0.9999991655349731,bull
2025-06-06T13:26:25.027000+03:00,8.4e-06,0.9762,0.6606,-1,0,veto_z_slope,,,,0.9999991655349731,bull
2025-06-06T13:26:25.041000+03:00,8.4e-06,0.9762,0.6581,-1,0,veto_z_slope,,,,0.9999991655349731,bull
2025-06-06T13:26:26.026000+03:00,8.4e-06,0.9762,0.6556,-1,0,veto_z_slope,,,,0.9999991655349731,bull
2025-06-06T13:26:26.040000+03:00,8.4e-06,0.9762,0.6531,-1,0,veto_z_slope,,,,0.9999991655349731,bull
2025-06-06T13:26:27+03:00,-1.6e-06,0.7303,-1.0748,1,0,veto_z_slope,,,,0.9999986886978149,bull
2025-06-06T13:26:27.027000+03:00,-1.6e-06,0.6496,-1.0688,1,0,veto_conf_z_slope,,,,0.9999986886978149,bull
2025-06-06T13:26:27.041000+03:00,-1.7e-06,0.5999,-1.0794,1,0,veto_conf_z_slope,,,,0.9999986886978149,bull
2025-06-06T13:26:28+03:00,-1.7e-06,0.5993,-1.0735,1,0,veto_conf_z_slope,,,,0.9999986886978149,bull
2025-06-06T13:26:28.014000+03:00,-1.7e-06,0.6394,-1.0676,1,0,veto_conf_z_slope,,,,0.9999986886978149,bull
2025-06-06T13:26:28.029000+03:00,-1.7e-06,0.6216,-1.0618,1,0,veto_conf_z_slope,,,,0.9999994039535522,bull
2025-06-06T13:26:29+03:00,-1.7e-06,0.6214,-1.0561,1,0,veto_conf_z_slope,,,,0.9999994039535522,bull
2025-06-06T13:26:29.026000+03:00,-1.7e-06,0.6115,-1.0509,1,0,veto_conf_z_slope,,,,0.9999996423721313,bull
2025-06-06T13:26:29.039000+03:00,4e-08,0.4592,-0.748,-1,0,veto_conf_z_slope,,,,0.9999997615814209,bull
2025-06-06T13:26:30+03:00,4e-08,0.4727,-0.7421,-1,0,veto_conf_z_slope,,,,0.9999997615814209,bull
2025-06-06T13:26:30.026000+03:00,4e-08,0.4533,-0.7357,1,0,veto_conf_z,,,,0.9999997615814209,bull
2025-06-06T13:26:30.039000+03:00,-1.41e-06,0.7444,-0.9769,1,0,veto_z,,,,0.9999997615814209,bull
2025-06-06T13:26:31.027000+03:00,-1.41e-06,0.7309,-0.9682,1,0,veto_z,,,,0.9999997615814209,bull
2025-06-06T13:26:31.040000+03:00,-1.6e-06,0.6999,-0.9924,1,0,veto_z_slope,,,,0.9999997615814209,bull
2025-06-06T13:26:32+03:00,-1.6e-06,0.7336,-0.9835,1,0,veto_z_slope,,,,0.9999997615814209,bull
2025-06-06T13:26:32.026000+03:00,-1.6e-06,0.6738,-0.9751,1,0,veto_z_slope,,,,0.9999997615814209,bull
2025-06-06T13:26:32.040000+03:00,-4.49e-06,0.7473,-1.4527,1,0,veto_z_slope,,,,0.9999991655349731,bull
2025-06-06T13:26:33+03:00,-4.49e-06,0.7143,-1.4365,1,0,veto_z_slope,,,,0.9999991655349731,bull
2025-06-06T13:26:33.026000+03:00,-4.49e-06,0.7728,-1.4204,1,0,veto_z_slope,,,,0.9999997615814209,bull
2025-06-06T13:26:33.040000+03:00,-4.49e-06,0.7722,-1.4049,1,0,veto_z_slope,,,,0.9999997615814209,bear
2025-06-06T13:26:34+03:00,-4.49e-06,0.6991,-1.3898,1,0,veto_z_slope,,,,0.9999997615814209,bear
2025-06-06T13:26:34.026000+03:00,-4.49e-06,0.7198,-1.3749,1,0,veto_z,,,,0.9999997615814209,bear
2025-06-06T13:26:34.040000+03:00,-4.59e-06,0.6188,-1.3761,1,0,veto_conf_z_slope,,,,0.9999997615814209,bear
2025-06-06T13:26:35+03:00,-4.59e-06,0.5255,-1.3615,-1,0,veto_conf_z,,,,0.9999997615814209,bear
2025-06-06T13:26:35.026000+03:00,-4.59e-06,0.5169,-1.3559,-1,0,veto_conf_z,,,,0.9999997615814209,bear
2025-06-06T13:26:35.040000+03:00,-4.49e-06,0.6148,-1.3344,1,0,veto_conf_z_slope,,,,0.9999998807907104,bear
2025-06-06T13:26:36+03:00,-4.49e-06,0.5793,-1.3289,1,0,veto_conf_z_slope,,,,0.9999998807907104,bear
2025-06-06T13:26:36.026000+03:00,-4.49e-06,0.5774,-1.3235,1,0,veto_conf_z,,,,0.9999998807907104,bear
2025-06-06T13:26:36.039000+03:00,-4.49e-06,0.5971,-1.3181,1,0,veto_conf_z,,,,0.9999998807907104,bear
2025-06-06T13:26:37+03:00,-4.49e-06,0.5996,-1.3128,1,0,veto_conf_z,,,,0.9999998807907104,bear
2025-06-06T13:26:37.026000+03:00,-4.49e-06,0.6059,-1.3075,1,0,veto_conf_z_slope,,,,0.9999998807907104,bear
2025-06-06T13:26:37.040000+03:00,-4.49e-06,0.6224,-1.3022,1,0,veto_conf_z_slope,,,,0.9999998807907104,bear
2025-06-06T13:26:38+03:00,-4.49e-06,0.6615,-1.297,1,0,veto_z_slope,,,,0.9999998807907104,bear
2025-06-06T13:26:38.026000+03:00,-4.49e-06,0.5756,-1.2915,1,0,veto_conf_z,,,,0.9999998807907104,bull
2025-06-06T13:26:38.039000+03:00,-1.79e-06,0.7555,-0.8578,-1,0,veto_z_slope,,,,0.9999998807907104,bull
2025-06-06T13:26:39.026000+03:00,-1.79e-06,0.7542,-0.8609,-1,0,veto_z_slope,,,,0.9999998807907104,bull
2025-06-06T13:26:39.040000+03:00,-1.7e-06,0.7582,-0.8379,-1,0,veto_z_slope,,,,0.9999998807907104,bull
2025-06-06T13:26:40+03:00,-1.7e-06,0.7582,-0.8305,-1,0,veto_z_slope,,,,0.9999998807907104,bull
2025-06-06T13:26:40.026000+03:00,-1.7e-06,0.7173,-0.8255,-1,0,veto_z_slope,,,,0.9999998807907104,bull
2025-06-06T13:26:40.040000+03:00,-7.3e-07,0.8502,-0.6673,-1,0,veto_z_slope,,,,1.0,bull
2025-06-06T13:26:41+03:00,-7.3e-07,0.8502,-0.6637,-1,0,veto_z_slope,,,,1.0,bull
2025-06-06T13:26:41.026000+03:00,-7.3e-07,0.8414,-0.6611,-1,0,veto_z_slope,,,,1.0,bull
2025-06-06T13:26:41.039000+03:00,-8.3e-07,0.8303,-0.6738,-1,0,veto_z_slope,,,,1.0,bear
2025-06-06T13:26:42.026000+03:00,-8.3e-07,0.8285,-0.6712,-1,0,veto_z_slope,,,,0.9999998807907104,bull
2025-06-06T13:26:42.040000+03:00,-7.3e-07,0.7956,-0.6532,-1,0,veto_z_slope,,,,0.9999998807907104,bull
2025-06-06T13:26:43+03:00,-7.3e-07,0.7882,-0.6507,-1,0,veto_z_slope,,,,0.9999998807907104,bear
2025-06-06T13:26:43.026000+03:00,-7.3e-07,0.7882,-0.6511,-1,0,veto_z_slope,,,,0.9999998807907104,bear
2025-06-06T13:26:43.039000+03:00,2.06e-06,0.8389,-0.2087,-1,0,veto_z_slope,,,,0.9999998807907104,bull
2025-06-06T13:26:44.026000+03:00,2.06e-06,0.8393,-0.2118,-1,0,veto_z_slope,,,,0.9999998807907104,bull
2025-06-06T13:26:44.039000+03:00,2.16e-06,0.861,-0.1992,-1,0,veto_z_slope,,,,0.9999998807907104,bull
2025-06-06T13:26:45+03:00,2.16e-06,0.8569,-0.2019,-1,0,veto_z_slope,,,,0.9999998807907104,bear
2025-06-06T13:26:45.026000+03:00,2.16e-06,0.8582,-0.2046,-1,0,veto_z_slope,,,,0.9999998807907104,bear
2025-06-06T13:26:45.039000+03:00,2.16e-06,0.7969,-0.2074,-1,0,veto_z_slope,,,,1.0,bear
2025-06-06T13:26:46.026000+03:00,2.16e-06,0.7831,-0.2099,-1,0,veto_z_slope,,,,1.0,bear
2025-06-06T13:26:46.040000+03:00,2.93e-06,0.8767,-0.0895,-1,0,veto_neutral_leg,,,,0.9999998807907104,bear
2025-06-06T13:26:47.026000+03:00,2.93e-06,0.8647,-0.0927,-1,0,veto_neutral_leg,,,,0.9999998807907104,bear
2025-06-06T13:26:47.039000+03:00,3.03e-06,0.8788,-0.0805,-1,0,veto_neutral_leg,,,,0.9999998807907104,bear
2025-06-06T13:26:48+03:00,3.03e-06,0.8233,-0.0838,-1,0,veto_neutral_leg,,,,0.9999998807907104,bear
2025-06-06T13:26:48.026000+03:00,3.03e-06,0.8337,-0.0872,-1,0,veto_neutral_leg,,,,0.9999998807907104,bear
2025-06-06T13:26:48.040000+03:00,3.03e-06,0.7973,-0.0905,-1,0,veto_neutral_leg,,,,0.9999998807907104,bear
2025-06-06T13:26:49.028000+03:00,3.02e-06,0.8016,-0.0942,-1,0,veto_neutral_leg,,,,0.9999998807907104,bear
2025-06-06T13:26:49.042000+03:00,3.02e-06,0.7886,-0.1006,-1,0,veto_z,,,,0.9999998807907104,bear
2025-06-06T13:26:50+03:00,3.02e-06,0.7886,-0.1071,-1,0,veto_z,,,,0.9999998807907104,bear
2025-06-06T13:26:50.026000+03:00,3.03e-06,0.8455,-0.1132,-1,0,veto_z_slope,,,,0.9999998807907104,bear
2025-06-06T13:26:50.040000+03:00,3.03e-06,0.8664,-0.1236,-1,0,veto_z_slope,,,,0.9999998807907104,bear
2025-06-06T13:26:51+03:00,3.03e-06,0.8689,-0.1342,-1,0,veto_z_slope,,,,0.9999998807907104,bear
2025-06-06T13:26:51.026000+03:00,3.03e-06,0.8772,-0.1451,-1,0,veto_z_slope,,,,0.9999998807907104,bear
2025-06-06T13:26:51.041000+03:00,3.03e-06,0.8799,-0.1571,-1,0,veto_z_slope,,,,0.9999998807907104,bull
2025-06-06T13:26:52.026000+03:00,3.03e-06,0.8889,-0.1694,-1,0,veto_z_slope,,,,0.9999998807907104,bull
2025-06-06T13:26:52.040000+03:00,3.03e-06,0.8848,-0.1821,-1,0,veto_z_slope,,,,0.9999998807907104,bull
2025-06-06T13:26:53+03:00,3.03e-06,0.9041,-0.1952,-1,0,veto_z_slope,,,,0.9999998807907104,bull
2025-06-06T13:26:53.026000+03:00,3.02e-06,0.9125,-0.2091,-1,0,veto_z,,,,0.9999998807907104,bull
2025-06-06T13:26:53.039000+03:00,3.02e-06,0.909,-0.223,-1,0,veto_z,,,,0.9999998807907104,bull
2025-06-06T13:26:54.026000+03:00,3.03e-06,0.9061,-0.237,-1,0,veto_z_slope,,,,0.9999998807907104,bull
2025-06-06T13:26:54.039000+03:00,3.03e-06,0.9059,-0.239,-1,0,veto_z_slope,,,,0.9999998807907104,bull
2025-06-06T13:26:55.026000+03:00,3.03e-06,0.9088,-0.2411,-1,0,veto_z_slope,,,,0.9999998807907104,bull
2025-06-06T13:26:55.039000+03:00,2.93e-06,0.9046,-0.2624,-1,0,veto_z,,,,0.9999998807907104,bull
2025-06-06T13:26:56.026000+03:00,2.93e-06,0.9046,-0.2659,-1,0,veto_z,,,,0.9999998807907104,bull
2025-06-06T13:26:56.040000+03:00,3.03e-06,0.9035,-0.2515,-1,0,veto_z_slope,,,,0.9999998807907104,bull
2025-06-06T13:26:57.026000+03:00,3.02e-06,0.8907,-0.2612,-1,0,veto_z,,,,0.9999998807907104,bull
2025-06-06T13:26:57.039000+03:00,3.02e-06,0.8891,-0.2706,-1,0,veto_z,,,,0.9999998807907104,bull
2025-06-06T13:26:58.033000+03:00,3.02e-06,0.8891,-0.2802,-1,0,veto_z_slope,,,,0.9999998807907104,bull
2025-06-06T13:26:58.034000+03:00,-1.51e-06,0.5151,-1.154,1,0,veto_conf_z_slope,,,,0.9999998807907104,bull
2025-06-06T13:26:59+03:00,8.49e-06,0.9903,0.7569,-1,0,veto_z_slope,,,,0.9999997615814209,bull
2025-06-06T13:26:59.026000+03:00,8.5e-06,0.9921,0.7497,-1,0,veto_z_slope,,,,0.9999992847442627,bull
2025-06-06T13:26:59.040000+03:00,-3.7e-07,0.7547,-0.9859,-1,0,veto_z,,,,0.9999996423721313,bull
2025-06-06T13:27:00+03:00,-3.7e-07,0.7535,-0.9965,-1,0,veto_z,,,,0.9999998807907104,bull
2025-06-06T13:27:00.026000+03:00,-3.7e-07,0.6701,-1.0076,-1,0,veto_z_slope,,,,0.9999998807907104,bull
2025-06-06T13:27:00.040000+03:00,-4.23e-06,0.8713,-1.7492,1,0,veto_z_slope,,,,0.9999997615814209,bull
2025-06-06T13:27:01+03:00,-4.23e-06,0.8682,-1.727,1,0,veto_z_slope,,,,0.9999997615814209,bull
2025-06-06T13:27:01.026000+03:00,-4.23e-06,0.9058,-1.7058,1,0,veto_z_slope,,,,0.9999997615814209,bull
2025-06-06T13:27:01.040000+03:00,-4.13e-06,0.8962,-1.6664,1,0,veto_z_slope,,,,0.9999997615814209,bull
2025-06-06T13:27:02+03:00,-4.13e-06,0.8463,-1.6462,1,0,veto_z_slope,,,,0.9999997615814209,bull
2025-06-06T13:27:02.026000+03:00,-4.13e-06,0.7699,-1.626,1,0,veto_z,,,,0.9999997615814209,bull
2025-06-06T13:27:02.040000+03:00,-4.13e-06,0.7573,-1.6068,1,0,veto_z,,,,0.9999997615814209,bull
2025-06-06T13:27:03.026000+03:00,-4.13e-06,0.6845,-1.5884,1,0,veto_z,,,,0.9999998807907104,bull
2025-06-06T13:27:03.041000+03:00,-4.23e-06,0.572,-1.5876,1,0,veto_conf_z_slope,,,,0.9999998807907104,bull
2025-06-06T13:27:04.001000+03:00,-4.23e-06,0.5287,-1.5691,1,0,veto_conf_z_slope,,,,0.9999998807907104,bull
2025-06-06T13:27:04.026000+03:00,-4.23e-06,0.5154,-1.5511,1,0,veto_conf_z_slope,,,,0.9999998807907104,bull
2025-06-06T13:27:04.041000+03:00,-4.23e-06,0.5087,-1.5334,1,0,veto_conf_z_slope,,,,0.9999998807907104,bull
2025-06-06T13:27:05+03:00,-4.23e-06,0.5103,-1.5162,-1,0,veto_conf_z,,,,0.9999997615814209,bull
2025-06-06T13:27:05.026000+03:00,-1.21e-06,0.592,-0.9597,-1,0,veto_conf_z_slope,,,,0.9999998807907104,bull
2025-06-06T13:27:05.040000+03:00,-9.7e-06,0.9218,-2.4487,1,0,veto_slope,,,,0.9999997615814209,bull
2025-06-06T13:27:06.026000+03:00,-9.7e-06,0.9521,-2.4002,1,0,veto_slope,,,,0.9999997615814209,bull
2025-06-06T13:27:06.040000+03:00,-1.278e-05,0.9817,-2.8672,1,0,veto_slope,,,,0.9999997615814209,bull
2025-06-06T13:27:07+03:00,-2.78e-06,0.8739,-1.1315,1,0,veto_z,,,,0.9999998807907104,bull
2025-06-06T13:27:07.026000+03:00,-2.78e-06,0.7332,-1.1213,1,0,veto_z_slope,,,,0.9999997615814209,bull
2025-06-06T13:27:07.040000+03:00,-5.67e-06,0.9328,-1.5978,1,0,veto_z,,,,0.9999997615814209,bull
2025-06-06T13:27:08.001000+03:00,-5.67e-06,0.9272,-1.5787,1,0,veto_z,,,,0.9999997615814209,bull
2025-06-06T13:27:08.026000+03:00,-5.67e-06,0.9263,-1.5601,1,0,veto_z,,,,0.9999997615814209,bull
2025-06-06T13:27:08.040000+03:00,-5.58e-06,0.8428,-1.5255,1,0,veto_z_slope,,,,0.9999997615814209,bull
2025-06-06T13:27:09.001000+03:00,-5.58e-06,0.8628,-1.5076,1,0,veto_z_slope,,,,0.9999997615814209,bull
2025-06-06T13:27:09.026000+03:00,-5.58e-06,0.9117,-1.4901,1,0,veto_z,,,,0.9999997615814209,bull
2025-06-06T13:27:09.040000+03:00,-8.47e-06,0.9808,-1.9403,1,0,veto_z_slope,,,,0.9999997615814209,bull
2025-06-06T13:27:10.001000+03:00,-8.47e-06,0.9841,-1.9118,1,0,veto_z_slope,,,,0.9999997615814209,bear
2025-06-06T13:27:10.014000+03:00,-8.47e-06,0.9718,-1.8842,1,0,veto_z_slope,,,,0.9999997615814209,bear
2025-06-06T13:27:10.029000+03:00,-8.57e-06,0.9714,-1.8725,1,0,veto_z_slope,,,,0.9999997615814209,bull
2025-06-06T13:27:11+03:00,-8.57e-06,0.9704,-1.8461,1,0,veto_z_slope,,,,0.9999997615814209,bear
2025-06-06T13:27:11.026000+03:00,-8.57e-06,0.983,-1.8208,1,0,veto_z_slope,,,,0.9999997615814209,bear
2025-06-06T13:27:11.039000+03:00,-8.47e-06,0.9806,-1.7814,1,0,veto_z_slope,,,,0.9999997615814209,bear
2025-06-06T13:27:12+03:00,-8.47e-06,0.977,-1.7579,1,0,veto_z_slope,,,,0.9999997615814209,bear
2025-06-06T13:27:12.026000+03:00,-8.47e-06,0.977,-1.7351,1,0,veto_z,,,,0.9999997615814209,bear
2025-06-06T13:27:12.039000+03:00,-8.57e-06,0.977,-1.7275,1,0,veto_z_slope,,,,0.9999997615814209,bear
2025-06-06T13:27:13+03:00,-8.57e-06,0.9787,-1.7055,1,0,veto_z_slope,,,,0.9999997615814209,bear
2025-06-06T13:27:13.026000+03:00,-8.57e-06,0.9803,-1.6838,1,0,veto_z_slope,,,,0.9999997615814209,bear
2025-06-06T13:27:13.039000+03:00,-8.47e-06,0.9725,-1.6506,1,0,veto_z_slope,,,,0.9999997615814209,bear
2025-06-06T13:27:14+03:00,-8.47e-06,0.9721,-1.6327,1,0,veto_z_slope,,,,0.9999997615814209,bear
2025-06-06T13:27:14.026000+03:00,-8.47e-06,0.9721,-1.6153,1,0,veto_z,,,,0.9999997615814209,bear
2025-06-06T13:27:14.040000+03:00,-8.47e-06,0.9722,-1.5965,1,0,veto_z,,,,0.9999997615814209,bear
2025-06-06T13:27:15+03:00,-8.47e-06,0.9735,-1.5782,1,0,veto_z,,,,0.9999997615814209,bear
2025-06-06T13:27:15.026000+03:00,-8.47e-06,0.9735,-1.5599,1,0,veto_z,,,,0.9999997615814209,bear
2025-06-06T13:27:15.040000+03:00,-9.53e-06,0.9758,-1.6997,1,0,veto_z_slope,,,,0.9999997615814209,bear
2025-06-06T13:27:16+03:00,4.7e-07,0.5688,-0.1836,0,0,veto_no_trade,,,
2025-06-06T13:27:16.026000+03:00,4.7e-07,0.5659,-0.1773,0,0,veto_no_trade,,,
2025-06-06T13:27:16.040000+03:00,-1.36e-06,0.4776,-0.4496,1,0,veto_conf_z,,,,0.9999998807907104,bear
2025-06-06T13:27:17+03:00,-1.36e-06,0.4677,-0.4433,1,0,veto_conf_z,,,,0.9999998807907104,bear
2025-06-06T13:27:17.026000+03:00,-1.36e-06,0.483,-0.4375,1,0,veto_conf_z,,,,0.9999998807907104,bear
2025-06-06T13:27:17.039000+03:00,-5.61e-06,0.8984,-1.0752,1,0,veto_z_slope,,,,0.9999997615814209,bear
2025-06-06T13:27:18.013000+03:00,-5.61e-06,0.8984,-1.0645,1,0,veto_z_slope,,,,0.9999997615814209,bear
2025-06-06T13:27:18.027000+03:00,-5.61e-06,0.8986,-1.0545,1,0,veto_z_slope,,,,0.9999997615814209,bear
2025-06-06T13:27:18.041000+03:00,-5.7e-06,0.8989,-1.0592,1,0,veto_z_slope,,,,0.9999997615814209,bear
2025-06-06T13:27:19+03:00,-5.7e-06,0.9051,-1.0493,1,0,veto_z_slope,,,,0.9999997615814209,bear
2025-06-06T13:27:19.026000+03:00,-5.15e-06,0.8794,-0.9556,1,0,veto_z,,,,0.9999998807907104,bear
2025-06-06T13:27:19.040000+03:00,-1.046e-05,0.9803,-1.7545,1,0,veto_z_slope,,,,0.9999997615814209,bear
2025-06-06T13:27:20+03:00,-1.046e-05,0.9807,-1.7387,1,0,veto_z_slope,,,,0.9999997615814209,bear
2025-06-06T13:27:20.026000+03:00,-1.046e-05,0.9814,-1.7237,1,0,veto_z_slope,,,,0.9999997615814209,bear
2025-06-06T13:27:20.041000+03:00,-6.79e-06,0.9161,-1.1489,1,0,veto_z_slope,,,,0.9999997615814209,bear
2025-06-06T13:27:21+03:00,-6.79e-06,0.9143,-1.1408,1,0,veto_z_slope,,,,0.9999997615814209,bear
2025-06-06T13:27:21.026000+03:00,-6.79e-06,0.9288,-1.1325,1,0,veto_z,,,,0.9999997615814209,bear
2025-06-06T13:27:21.040000+03:00,-3.9e-06,0.8195,-0.6692,1,0,veto_z,,,,0.9999998807907104,bear
2025-06-06T13:27:22+03:00,-3.9e-06,0.8175,-0.6623,1,0,veto_z,,,,0.9999998807907104,bear
2025-06-06T13:27:22.026000+03:00,-3.9e-06,0.7874,-0.6559,1,0,veto_z,,,,0.9999998807907104,bear
2025-06-06T13:27:22.040000+03:00,-6.6e-06,0.8845,-1.0906,1,0,veto_z,,,,0.9999997615814209,bear
2025-06-06T13:27:23+03:00,3.4e-06,0.7179,0.5743,-1,0,veto_z_slope,,,,0.9999998807907104,bear
2025-06-06T13:27:23.026000+03:00,3.4e-06,0.6917,0.576,-1,0,veto_z_slope,,,,0.9999998807907104,bear
2025-06-06T13:27:23.026000+03:00,1.38e-06,0.3916,0.2405,-1,0,veto_conf_z_slope,,,,0.9999997615814209,bear
2025-06-06T13:27:24+03:00,1.38e-06,0.3846,0.2453,-1,0,veto_conf_z_slope,,,,0.9999997615814209,bull
2025-06-06T13:27:24.026000+03:00,1.37e-06,0.3946,0.2498,0,0,veto_no_trade,,,
2025-06-06T13:27:24.040000+03:00,-4.6e-07,0.5263,-0.0529,-1,0,veto_neutral_leg,,,,0.9999997615814209,bear
2025-06-06T13:27:25+03:00,-4.6e-07,0.5145,-0.0473,1,0,veto_neutral_leg,,,,0.9999997615814209,bear
2025-06-06T13:27:25.026000+03:00,-4.6e-07,0.5033,-0.0417,1,0,veto_neutral_leg,,,,0.9999997615814209,bear
2025-06-06T13:27:25.040000+03:00,-1.61e-06,0.6841,-0.2321,1,0,veto_z_slope,,,,0.9999997615814209,bull
2025-06-06T13:27:26+03:00,-1.61e-06,0.6441,-0.2249,1,0,veto_conf_z_slope,,,,0.9999997615814209,bull
2025-06-06T13:27:26.026000+03:00,-1.61e-06,0.6309,-0.2175,1,0,veto_conf_z_slope,,,,0.9999997615814209,bull
2025-06-06T13:27:26.026000+03:00,-6.5e-07,0.4715,-0.0442,1,0,veto_neutral_leg,,,,0.9999998807907104,bull
2025-06-06T13:27:27+03:00,-6.5e-07,0.4389,-0.035,1,0,veto_neutral_leg,,,,0.9999998807907104,bull
2025-06-06T13:27:27.026000+03:00,-6.5e-07,0.4706,-0.0252,1,0,veto_neutral_leg,,,,0.9999998807907104,bull
2025-06-06T13:27:27.040000+03:00,1.28e-06,0.6742,0.3253,-1,0,veto_z_slope,,,,0.9999997615814209,bull
2025-06-06T13:27:28+03:00,1.28e-06,0.6699,0.3377,-1,0,veto_z_slope,,,,0.9999997615814209,bull
2025-06-06T13:27:28.026000+03:00,1.28e-06,0.6995,0.3504,-1,0,veto_z_slope,,,,0.9999998807907104,bull
2025-06-06T13:27:28.039000+03:00,4.1e-07,0.4296,0.2049,0,0,veto_no_trade,,,
2025-06-06T13:27:29+03:00,4.1e-07,0.4353,0.2138,0,0,veto_no_trade,,,
2025-06-06T13:27:29.026000+03:00,4.1e-07,0.4281,0.2229,-1,0,veto_conf_z,,,,0.9999998807907104,bull
2025-06-06T13:27:29.039000+03:00,4.1e-07,0.4466,0.2321,-1,0,veto_conf_z,,,,0.9999998807907104,bull
2025-06-06T13:27:30+03:00,4.1e-07,0.4466,0.2414,-1,0,veto_conf_z,,,,0.9999998807907104,bull
2025-06-06T13:27:30.026000+03:00,4.1e-07,0.641,0.251,0,0,veto_no_trade,,,
2025-06-06T13:27:30.041000+03:00,4.1e-07,0.486,0.2607,0,0,veto_no_trade,,,
2025-06-06T13:27:31+03:00,4.1e-07,0.5863,0.2718,-1,0,veto_conf_z_slope,,,,0.9999998807907104,bull
2025-06-06T13:27:31.026000+03:00,4.1e-07,0.5979,0.2831,-1,0,veto_conf_z_slope,,,,0.9999998807907104,bull
2025-06-06T13:27:31.040000+03:00,2.34e-06,0.9,0.6738,-1,0,veto_z_slope,,,,0.9999998807907104,bull
2025-06-06T13:27:32+03:00,2.34e-06,0.8906,0.6873,-1,0,veto_z_slope,,,,0.9999998807907104,bull
2025-06-06T13:27:32.026000+03:00,2.34e-06,0.9124,0.7006,-1,0,veto_z_slope,,,,0.9999998807907104,bull
2025-06-06T13:27:32.040000+03:00,3.3e-06,0.9205,0.9095,-1,0,veto_z_slope,,,,0.9999998807907104,bull
2025-06-06T13:27:33.027000+03:00,3.3e-06,0.9212,0.9243,-1,0,veto_z_slope,,,,0.9999998807907104,bull
2025-06-06T13:27:33.027000+03:00,3.3e-06,0.8754,0.9395,-1,0,veto_z_slope,,,,0.9999998807907104,bull
2025-06-06T13:27:34+03:00,3.3e-06,0.9133,0.9552,-1,0,veto_z_slope,,,,0.9999996423721313,bull
2025-06-06T13:27:34.027000+03:00,3.3e-06,0.9191,0.9689,-1,0,veto_z_slope,,,,0.9999996423721313,bull
2025-06-06T13:27:34.041000+03:00,3.3e-06,0.9025,0.9825,-1,0,veto_z_slope,,,,0.9999992847442627,bull
2025-06-06T13:27:35+03:00,3.3e-06,0.8849,0.9965,-1,0,veto_z_slope,,,,0.9999992847442627,bull
2025-06-06T13:27:35.026000+03:00,3.3e-06,0.8857,1.0104,-1,0,veto_z_slope,,,,0.9999992847442627,bull
2025-06-06T13:27:35.039000+03:00,3.21e-06,0.8763,1.0036,-1,0,veto_z,,,,0.9999992847442627,bull
2025-06-06T13:27:36.001000+03:00,3.21e-06,0.8725,1.0184,-1,0,veto_z,,,,0.9999992847442627,bull
2025-06-06T13:27:36.027000+03:00,3.21e-06,0.8431,1.0336,-1,0,veto_z,,,,0.9999992847442627,bull
2025-06-06T13:27:36.041000+03:00,5.14e-06,0.9803,1.4761,-1,0,veto_z_slope,,,,0.9999995231628418,bull
2025-06-06T13:27:37+03:00,5.14e-06,0.9904,1.4898,-1,0,veto_z_slope,,,,0.9999995231628418,bull
2025-06-06T13:27:37.026000+03:00,5.13e-06,0.9912,1.5033,-1,0,veto_z_slope,,,,0.9999998807907104,bull
2025-06-06T13:27:37.040000+03:00,6.19e-06,0.9836,1.7554,-1,0,veto_z_slope,,,,0.9999996423721313,bull
2025-06-06T13:27:38+03:00,6.19e-06,0.9815,1.7669,-1,0,veto_z_slope,,,,0.9999996423721313,bull
2025-06-06T13:27:38.027000+03:00,6.2e-06,0.9828,1.779,-1,0,veto_z_slope,,,,0.9999998807907104,bull
2025-06-06T13:27:38.040000+03:00,8.12e-06,0.9815,2.2255,-1,0,veto_slope,,,,0.9999991655349731,bull
2025-06-06T13:27:39.026000+03:00,8.12e-06,0.9818,2.1875,-1,0,veto_slope,,,,0.9999991655349731,bull
2025-06-06T13:27:39.040000+03:00,8.03e-06,0.9837,2.1299,-1,0,veto_slope,,,,0.9999996423721313,bull
2025-06-06T13:27:40.026000+03:00,8.03e-06,0.9903,2.0949,-1,0,veto_slope,,,,0.9999994039535522,bull
2025-06-06T13:27:40.040000+03:00,8.12e-06,0.9923,2.0824,-1,0,veto_slope,,,,0.9999994039535522,bull
2025-06-06T13:27:41+03:00,8.12e-06,0.9849,2.0496,-1,0,waiting_for_cluster,,,,0.9999994039535522,bull
2025-06-06T13:27:41.027000+03:00,8.12e-06,0.9847,2.018,-1,0,waiting_for_cluster,,,,0.9999995231628418,bull
2025-06-06T13:27:41.041000+03:00,8.03e-06,0.9592,1.9673,-1,0,veto_z,,,,0.9999995231628418,bull
2025-06-06T13:27:42+03:00,8.03e-06,0.9106,1.9384,-1,0,veto_z_slope,,,,0.9999995231628418,bull
2025-06-06T13:27:42.026000+03:00,8.03e-06,0.9616,1.9129,-1,0,veto_z,,,,0.9999995231628418,bull
2025-06-06T13:27:42.040000+03:00,8.03e-06,0.9574,1.8877,-1,0,veto_z,,,,0.9999995231628418,bull
2025-06-06T13:27:43+03:00,8.03e-06,0.9462,1.8632,-1,0,veto_z,,,,0.9999995231628418,bull
2025-06-06T13:27:43.026000+03:00,8.03e-06,0.9462,1.8377,-1,0,veto_z_slope,,,,0.9999995231628418,bull
2025-06-06T13:27:43.040000+03:00,8.12e-06,0.9498,1.832,-1,0,veto_z_slope,,,,0.9999995231628418,bull
2025-06-06T13:27:44+03:00,8.12e-06,0.9605,1.8072,-1,0,veto_z_slope,,,,0.9999995231628418,bull
2025-06-06T13:27:44.026000+03:00,8.12e-06,0.9428,1.7831,-1,0,veto_z_slope,,,,0.9999990463256836,bull
2025-06-06T13:27:44.040000+03:00,7.93e-06,0.9777,1.7223,-1,0,veto_z,,,,0.9999990463256836,bull
2025-06-06T13:27:45.026000+03:00,7.93e-06,0.9885,1.6999,-1,0,veto_z,,,,0.9999990463256836,bull
2025-06-06T13:27:45.026000+03:00,7.93e-06,0.9927,1.678,-1,0,veto_z,,,,0.9999990463256836,bull
2025-06-06T13:27:46+03:00,7.93e-06,0.9896,1.6567,-1,0,veto_z,,,,0.9999990463256836,bull
2025-06-06T13:27:46.026000+03:00,7.93e-06,0.9862,1.6359,-1,0,veto_z,,,,0.9999990463256836,bull
2025-06-06T13:27:46.040000+03:00,7.93e-06,0.9861,1.6156,-1,0,veto_z_slope,,,,0.9999990463256836,bull
2025-06-06T13:27:47+03:00,7.93e-06,0.9859,1.5958,-1,0,veto_z_slope,,,,0.9999990463256836,bull
2025-06-06T13:27:47.027000+03:00,7.93e-06,0.9859,1.5764,-1,0,veto_z_slope,,,,0.9999992847442627,bull
2025-06-06T13:27:47.041000+03:00,7.93e-06,0.9865,1.5575,-1,0,veto_z_slope,,,,0.9999991655349731,bull
2025-06-06T13:27:48+03:00,7.93e-06,0.9911,1.539,-1,0,veto_z_slope,,,,0.9999991655349731,bull
2025-06-06T13:27:48.026000+03:00,7.93e-06,0.9911,1.5212,-1,0,veto_z_slope,,,,0.9999991655349731,bull
2025-06-06T13:27:48.040000+03:00,8.03e-06,0.9911,1.5213,-1,0,veto_z_slope,,,,0.9999991655349731,bull
2025-06-06T13:27:49.026000+03:00,8.03e-06,0.9937,1.5035,-1,0,veto_z_slope,,,,0.9999991655349731,bull
2025-06-06T13:27:49.040000+03:00,8.03e-06,0.9933,1.4861,-1,0,veto_z_slope,,,,0.9999991655349731,bull
2025-06-06T13:27:50+03:00,8.03e-06,0.9935,1.4691,-1,0,veto_z_slope,,,,0.9999991655349731,bull
2025-06-06T13:27:50.014000+03:00,1.722e-05,0.9878,3.0821,-1,0,veto_slope,,,,0.9999980926513672,bull
2025-06-06T13:27:50.029000+03:00,1.182e-05,0.9846,2.0702,-1,0,veto_slope,,,,0.9999980926513672,bull
2025-06-06T13:27:51+03:00,1.82e-06,0.9469,0.2697,-1,0,veto_z,,,,0.9999983310699463,bull
2025-06-06T13:27:51.026000+03:00,-4.6e-07,0.7665,-0.1457,-1,0,veto_z,,,,0.9999986886978149,bull
2025-06-06T13:27:51.040000+03:00,4.94e-06,0.9821,0.82,-1,0,veto_z,,,,0.9999988079071045,bull
2025-06-06T13:27:52+03:00,4.94e-06,0.9792,0.8129,-1,0,veto_z,,,,0.9999985694885254,bull
2025-06-06T13:27:52.026000+03:00,4.94e-06,0.9832,0.8059,-1,0,veto_z,,,,0.9999985694885254,bull
2025-06-06T13:27:52.039000+03:00,5.03e-06,0.9746,0.8161,-1,0,veto_z_slope,,,,0.9999980926513672,bull
2025-06-06T13:27:53+03:00,5.03e-06,0.9817,0.8091,-1,0,veto_z_slope,,,,0.9999980926513672,bull
2025-06-06T13:27:53.026000+03:00,5.03e-06,0.9781,0.8027,-1,0,veto_z_slope,,,,0.9999991655349731,bull
2025-06-06T13:27:53.040000+03:00,5.9e-06,0.9813,0.9499,-1,0,veto_z_slope,,,,0.9999990463256836,bull
2025-06-06T13:27:54+03:00,5.9e-06,0.9813,0.942,-1,0,veto_z_slope,,,,0.9999990463256836,bull
2025-06-06T13:27:54.026000+03:00,5.9e-06,0.9839,0.9341,-1,0,veto_z_slope,,,,0.9999992847442627,bull
2025-06-06T13:27:54.040000+03:00,5.9e-06,0.9819,0.9263,-1,0,veto_z_slope,,,,0.9999992847442627,bull
2025-06-06T13:27:55+03:00,5.9e-06,0.9819,0.9186,-1,0,veto_z_slope,,,,0.9999992847442627,bull
2025-06-06T13:27:55.026000+03:00,5.9e-06,0.981,0.911,-1,0,veto_z_slope,,,,0.9999994039535522,bull
2025-06-06T13:27:55.040000+03:00,5.9e-06,0.9792,0.9034,-1,0,veto_z_slope,,,,0.9999994039535522,bull
2025-06-06T13:27:56+03:00,5.9e-06,0.9792,0.8983,-1,0,veto_z_slope,,,,0.9999994039535522,bull
2025-06-06T13:27:56.025000+03:00,5.9e-06,0.9792,0.8932,-1,0,veto_z_slope,,,,0.9999994039535522,bull
2025-06-06T13:27:56.025000+03:00,5.9e-06,0.9794,0.8883,-1,0,veto_z_slope,,,,0.9999994039535522,bull
2025-06-06T13:27:57+03:00,5.9e-06,0.9794,0.8834,-1,0,veto_z_slope,,,,0.9999994039535522,bull
2025-06-06T13:27:57.026000+03:00,5.9e-06,0.9794,0.8786,-1,0,veto_z_slope,,,,0.9999994039535522,bull
2025-06-06T13:27:57.039000+03:00,5.9e-06,0.978,0.8737,-1,0,veto_z_slope,,,,0.9999994039535522,bull
2025-06-06T13:27:58+03:00,5.9e-06,0.978,0.8689,-1,0,veto_z_slope,,,,0.9999994039535522,bull
2025-06-06T13:27:58.026000+03:00,5.9e-06,0.978,0.865,-1,0,veto_z_slope,,,,0.9999994039535522,bull
2025-06-06T13:27:58.039000+03:00,5.61e-06,0.9799,0.8113,-1,0,veto_z,,,,0.9999994039535522,bull
2025-06-06T13:27:59.026000+03:00,5.61e-06,0.9743,0.8076,-1,0,veto_z,,,,0.9999994039535522,bull
2025-06-06T13:27:59.039000+03:00,5.61e-06,0.9743,0.8043,-1,0,veto_z,,,,0.9999994039535522,bull
2025-06-06T13:28:00+03:00,5.61e-06,0.9785,0.801,-1,0,veto_z,,,,0.9999994039535522,bull
2025-06-06T13:28:00.026000+03:00,5.61e-06,0.9814,0.7982,-1,0,veto_z,,,,0.9999994039535522,bull
2025-06-06T13:28:00.040000+03:00,5.61e-06,0.9786,0.7949,-1,0,veto_z_slope,,,,0.9999994039535522,bull
2025-06-06T13:28:01+03:00,5.61e-06,0.9786,0.7917,-1,0,veto_z_slope,,,,0.9999994039535522,bull
2025-06-06T13:28:01.027000+03:00,5.61e-06,0.9786,0.7885,-1,0,veto_z_slope,,,,0.9999994039535522,bull
2025-06-06T13:28:01.041000+03:00,5.71e-06,0.9789,0.8017,-1,0,veto_z_slope,,,,0.9999994039535522,bull
2025-06-06T13:28:02+03:00,5.71e-06,0.9789,0.7983,-1,0,veto_z_slope,,,,0.9999994039535522,bull
2025-06-06T13:28:02.026000+03:00,5.71e-06,0.9789,0.795,-1,0,veto_z_slope,,,,0.9999994039535522,bull
2025-06-06T13:28:02.040000+03:00,5.61e-06,0.9786,0.7753,-1,0,veto_z_slope,,,,0.9999994039535522,bull
2025-06-06T13:28:03.026000+03:00,5.61e-06,0.978,0.7718,-1,0,veto_z,,,,0.9999994039535522,bull
2025-06-06T13:28:03.039000+03:00,5.61e-06,0.9764,0.7686,-1,0,veto_z,,,,0.9999994039535522,bull
2025-06-06T13:28:04.026000+03:00,5.61e-06,0.9764,0.7659,-1,0,veto_z,,,,0.9999994039535522,bull
2025-06-06T13:28:04.026000+03:00,4.94e-06,0.9745,0.6487,-1,0,veto_z,,,,0.9999995231628418,bull
2025-06-06T13:28:05+03:00,4.94e-06,0.9745,0.6466,-1,0,veto_z,,,,0.9999995231628418,bull
2025-06-06T13:28:05.026000+03:00,4.93e-06,0.9724,0.644,-1,0,veto_z,,,,0.9999995231628418,bull
2025-06-06T13:28:05.040000+03:00,1.27e-06,0.8415,0.0226,-1,0,veto_neutral_leg,,,,0.9999990463256836,bull
2025-06-06T13:28:06+03:00,1.27e-06,0.7936,0.0241,-1,0,veto_neutral_leg,,,,0.9999995231628418,bull
2025-06-06T13:28:06.027000+03:00,1.27e-06,0.7942,0.0256,-1,0,veto_neutral_leg,,,,0.9999996423721313,bull
2025-06-06T13:28:06.041000+03:00,2.04e-06,0.8836,0.1576,-1,0,veto_z,,,,0.9999996423721313,bull
2025-06-06T13:28:07+03:00,2.04e-06,0.8709,0.1584,-1,0,veto_z,,,,0.9999996423721313,bull
2025-06-06T13:28:07.026000+03:00,2.04e-06,0.8081,0.1593,-1,0,veto_z_slope,,,,0.9999997615814209,bull
2025-06-06T13:28:07.039000+03:00,2.14e-06,0.7677,0.1765,-1,0,veto_z_slope,,,,0.9999997615814209,bull
2025-06-06T13:28:08+03:00,2.14e-06,0.7752,0.1772,-1,0,veto_z_slope,,,,0.9999997615814209,bull
2025-06-06T13:28:08.014000+03:00,2.14e-06,0.8076,0.1784,-1,0,veto_z_slope,,,,0.9999997615814209,bull
2025-06-06T13:28:08.029000+03:00,5.03e-06,0.9654,0.6652,-1,0,veto_z_slope,,,,0.9999992847442627,bull
2025-06-06T13:28:09+03:00,5.03e-06,0.9654,0.6701,-1,0,veto_z_slope,,,,0.9999992847442627,bull
2025-06-06T13:28:09.026000+03:00,5.03e-06,0.9654,0.6749,-1,0,veto_z_slope,,,,0.9999992847442627,bull
2025-06-06T13:28:09.039000+03:00,5.03e-06,0.9654,0.6697,-1,0,veto_z_slope,,,,0.9999992847442627,bull
2025-06-06T13:28:10+03:00,5.03e-06,0.9689,0.6644,-1,0,veto_z_slope,,,,0.9999994039535522,bull
2025-06-06T13:28:10.014000+03:00,5.03e-06,0.9669,0.6592,-1,0,veto_z_slope,,,,0.9999997615814209,bull
2025-06-06T13:28:10.029000+03:00,3.1e-06,0.9495,0.3243,-1,0,veto_z,,,,0.9999995231628418,bull
2025-06-06T13:28:11+03:00,3.1e-06,0.9473,0.3186,-1,0,veto_z,,,,0.9999995231628418,bull
2025-06-06T13:28:11.026000+03:00,3.1e-06,0.9473,0.3126,-1,0,veto_z,,,,0.9999995231628418,bull
2025-06-06T13:28:11.040000+03:00,3.1e-06,0.9423,0.307,-1,0,veto_z,,,,0.9999994039535522,bull
2025-06-06T13:28:12+03:00,3.1e-06,0.9399,0.3013,-1,0,veto_z,,,,0.9999994039535522,bull
2025-06-06T13:28:12.026000+03:00,3.1e-06,0.9253,0.2957,-1,0,veto_z,,,,0.9999995231628418,bull
2025-06-06T13:28:12.041000+03:00,3.1e-06,0.9137,0.2901,-1,0,veto_z,,,,0.9999995231628418,bull
2025-06-06T13:28:13.014000+03:00,3.1e-06,0.9137,0.2848,-1,0,veto_z_slope,,,,0.9999995231628418,bull
2025-06-06T13:28:13.015000+03:00,2.81e-06,0.8728,0.229,-1,0,veto_z,,,,0.9999995231628418,bull
2025-06-06T13:28:14+03:00,2.81e-06,0.8751,0.2234,-1,0,veto_z,,,,0.9999995231628418,bull
2025-06-06T13:28:14.026000+03:00,2.81e-06,0.8761,0.2178,-1,0,veto_z,,,,0.9999995231628418,bull
2025-06-06T13:28:14.040000+03:00,2.81e-06,0.8761,0.2122,-1,0,veto_z,,,,0.9999995231628418,bull
2025-06-06T13:28:15+03:00,2.81e-06,0.8936,0.2066,-1,0,veto_z,,,,0.9999995231628418,bull
2025-06-06T13:28:15.028000+03:00,2.81e-06,0.8744,0.2031,-1,0,veto_z_slope,,,,0.9999995231628418,bull
2025-06-06T13:28:15.042000+03:00,1.17e-06,0.7093,-0.0954,-1,0,veto_neutral_leg,,,,0.9999995231628418,bull
2025-06-06T13:28:16.026000+03:00,1.17e-06,0.7855,-0.1065,-1,0,veto_z,,,,0.9999995231628418,bull
2025-06-06T13:28:16.040000+03:00,1.27e-06,0.7808,-0.1036,-1,0,veto_z,,,,0.9999995231628418,bull
2025-06-06T13:28:17+03:00,1.27e-06,0.795,-0.1075,-1,0,veto_z,,,,0.9999995231628418,bull
2025-06-06T13:28:17.026000+03:00,1.27e-06,0.7984,-0.111,-1,0,veto_z,,,,0.9999996423721313,bull
2025-06-06T13:28:17.040000+03:00,1.17e-06,0.7338,-0.1355,-1,0,veto_z_slope,,,,0.9999997615814209,bull
2025-06-06T13:28:18.013000+03:00,1.17e-06,0.7364,-0.1425,-1,0,veto_z_slope,,,,0.9999997615814209,bull
2025-06-06T13:28:18.026000+03:00,1.17e-06,0.7515,-0.15,-1,0,veto_z,,,,0.9999997615814209,bull
2025-06-06T13:28:18.039000+03:00,1.17e-06,0.7489,-0.1571,-1,0,veto_z,,,,0.9999997615814209,bull
2025-06-06T13:28:19+03:00,1.17e-06,0.73,-0.1642,-1,0,veto_z,,,,0.9999997615814209,bull
2025-06-06T13:28:19.026000+03:00,1.17e-06,0.7328,-0.171,-1,0,veto_z_slope,,,,0.9999997615814209,bull
2025-06-06T13:28:19.040000+03:00,-2.49e-06,0.6846,-0.8747,1,0,veto_z_slope,,,,0.9999998807907104,bull
2025-06-06T13:28:20+03:00,-2.49e-06,0.7014,-0.8877,1,0,veto_z_slope,,,,0.9999998807907104,bull
2025-06-06T13:28:20.014000+03:00,-2.49e-06,0.7067,-0.9015,1,0,veto_z_slope,,,,0.9999998807907104,bull
2025-06-06T13:28:20.015000+03:00,-2.49e-06,0.6085,-0.9154,1,0,veto_conf_z_slope,,,,0.9999998807907104,bull
2025-06-06T13:28:21+03:00,-2.49e-06,0.5988,-0.9297,1,0,veto_conf_z_slope,,,,0.9999998807907104,bull
2025-06-06T13:28:21.014000+03:00,-2.49e-06,0.5055,-0.9439,-1,0,veto_conf_z_slope,,,,0.9999998807907104,bull
2025-06-06T13:28:21.028000+03:00,-3.45e-06,0.5225,-1.1499,1,0,veto_conf_z_slope,,,,0.9999998807907104,bull
2025-06-06T13:28:22+03:00,-3.45e-06,0.532,-1.1646,1,0,veto_conf_z_slope,,,,0.9999998807907104,bull
2025-06-06T13:28:22.026000+03:00,-3.46e-06,0.5502,-1.1802,1,0,veto_conf_z_slope,,,,0.9999998807907104,bull
2025-06-06T13:28:22.040000+03:00,-3.46e-06,0.5496,-1.196,1,0,veto_conf_z_slope,,,,0.9999998807907104,bull
2025-06-06T13:28:23.026000+03:00,-3.45e-06,0.5687,-1.2118,1,0,veto_conf_z_slope,,,,0.9999998807907104,bull
2025-06-06T13:28:23.026000+03:00,-2.68e-06,0.6018,-1.0689,1,0,veto_conf_z,,,,0.9999998807907104,bull
2025-06-06T13:28:24+03:00,-2.68e-06,0.5639,-1.086,1,0,veto_conf_z,,,,0.9999998807907104,bull
2025-06-06T13:28:24.026000+03:00,-2.68e-06,0.5219,-1.1037,-1,0,veto_conf_z_slope,,,,0.9999998807907104,bull
2025-06-06T13:28:24.039000+03:00,-2.68e-06,0.5156,-1.122,-1,0,veto_conf_z_slope,,,,0.9999998807907104,bull
2025-06-06T13:28:25+03:00,-2.68e-06,0.5496,-1.1408,1,0,veto_conf_z,,,,0.9999998807907104,bull
2025-06-06T13:28:25.026000+03:00,-2.68e-06,0.5172,-1.1603,-1,0,veto_conf_z_slope,,,,0.9999998807907104,bull
2025-06-06T13:28:25.040000+03:00,4.07e-06,0.9802,0.3239,-1,0,veto_z_slope,,,,0.9999998807907104,bull
2025-06-06T13:28:26+03:00,4.07e-06,0.9777,0.3145,-1,0,veto_z_slope,,,,0.9999997615814209,bull
2025-06-06T13:28:26.014000+03:00,4.07e-06,0.969,0.31,-1,0,veto_z_slope,,,,0.9999997615814209,bull
2025-06-06T13:28:26.029000+03:00,4.07e-06,0.9555,0.306,-1,0,veto_z_slope,,,,0.9999997615814209,bull
2025-06-06T13:28:27+03:00,4.07e-06,0.9605,0.3004,-1,0,veto_z_slope,,,,0.9999997615814209,bull
2025-06-06T13:28:27.026000+03:00,4.07e-06,0.9692,0.2947,-1,0,veto_z,,,,0.9999998807907104,bull
2025-06-06T13:28:27.040000+03:00,4.07e-06,0.9654,0.2891,-1,0,veto_z,,,,0.9999998807907104,bull
2025-06-06T13:28:28+03:00,4.07e-06,0.9662,0.2806,-1,0,veto_z_slope,,,,0.9999998807907104,bull
2025-06-06T13:28:28.014000+03:00,4.07e-06,0.9709,0.2725,-1,0,veto_z_slope,,,,0.9999998807907104,bull
2025-06-06T13:28:28.029000+03:00,4.07e-06,0.969,0.2637,-1,0,veto_z_slope,,,,0.9999998807907104,bull
2025-06-06T13:28:29+03:00,4.07e-06,0.9659,0.2548,-1,0,veto_z_slope,,,,0.9999998807907104,bull
2025-06-06T13:28:29.026000+03:00,4.07e-06,0.9635,0.2458,-1,0,veto_z_slope,,,,0.9999998807907104,bull
2025-06-06T13:28:29.040000+03:00,4.16e-06,0.9638,0.2604,-1,0,veto_z_slope,,,,0.9999998807907104,bull
2025-06-06T13:28:30+03:00,4.16e-06,0.9742,0.2495,-1,0,veto_z_slope,,,,0.9999998807907104,bull
2025-06-06T13:28:30.026000+03:00,4.16e-06,0.9738,0.2376,-1,0,veto_z_slope,,,,0.9999998807907104,bull
2025-06-06T13:28:30.040000+03:00,4.16e-06,0.9629,0.2259,-1,0,veto_z_slope,,,,0.9999998807907104,bull
2025-06-06T13:28:31+03:00,4.16e-06,0.9578,0.2152,-1,0,veto_z_slope,,,,0.9999998807907104,bull
2025-06-06T13:28:31.026000+03:00,4.16e-06,0.9654,0.2048,-1,0,veto_z_slope,,,,0.9999998807907104,bull
2025-06-06T13:28:31.039000+03:00,4.94e-06,0.9714,0.4117,-1,0,veto_z_slope,,,,0.9999998807907104,bull
2025-06-06T13:28:32+03:00,4.94e-06,0.9724,0.4035,-1,0,veto_z_slope,,,,0.9999992847442627,bull
2025-06-06T13:28:32.026000+03:00,4.93e-06,0.968,0.3946,-1,0,veto_z_slope,,,,0.9999992847442627,bull
2025-06-06T13:28:32.040000+03:00,5.03e-06,0.9676,0.4144,-1,0,veto_z_slope,,,,0.9999992847442627,bull
2025-06-06T13:28:33+03:00,5.03e-06,0.9442,0.4064,-1,0,veto_z_slope,,,,0.9999992847442627,bull
2025-06-06T13:28:33.027000+03:00,5.03e-06,0.9297,0.4045,-1,0,veto_z_slope,,,,0.9999992847442627,bull
2025-06-06T13:28:33.040000+03:00,5.03e-06,0.9593,0.4019,-1,0,veto_z_slope,,,,0.9999992847442627,bull
2025-06-06T13:28:34+03:00,5.03e-06,0.9343,0.3967,-1,0,veto_z_slope,,,,0.9999992847442627,bull
2025-06-06T13:28:34.026000+03:00,5.03e-06,0.9343,0.3909,-1,0,veto_z_slope,,,,0.9999990463256836,bull
2025-06-06T13:28:34.039000+03:00,5.03e-06,0.9343,0.3857,-1,0,veto_z_slope,,,,0.9999990463256836,bull
2025-06-06T13:28:35+03:00,5.03e-06,0.9343,0.3789,-1,0,veto_z,,,,0.9999990463256836,bull
2025-06-06T13:28:35.026000+03:00,5.03e-06,0.9377,0.3727,-1,0,veto_z_slope,,,,0.9999990463256836,bull
2025-06-06T13:28:35.040000+03:00,6.09e-06,0.9668,0.6869,-1,0,veto_z_slope,,,,0.9999988079071045,bull
2025-06-06T13:28:36+03:00,6.09e-06,0.9592,0.6791,-1,0,veto_z_slope,,,,0.9999988079071045,bull
2025-06-06T13:28:36.026000+03:00,6.09e-06,0.9668,0.6713,-1,0,veto_z_slope,,,,0.9999988079071045,bull
2025-06-06T13:28:36.040000+03:00,8.02e-06,0.9881,1.2552,-1,0,veto_z_slope,,,,0.9999978542327881,bull
2025-06-06T13:28:37.014000+03:00,8.02e-06,0.9844,1.2433,-1,0,veto_z_slope,,,,0.9999978542327881,bull
2025-06-06T13:28:37.029000+03:00,8.79e-06,0.9942,1.4673,-1,0,veto_z_slope,,,,0.9999978542327881,bull
2025-06-06T13:28:38.001000+03:00,8.79e-06,0.9951,1.4527,-1,0,veto_z_slope,,,,0.9999978542327881,bull
2025-06-06T13:28:38.026000+03:00,8.79e-06,0.9958,1.4363,-1,0,veto_z_slope,,,,0.9999978542327881,bull
2025-06-06T13:28:38.040000+03:00,8.89e-06,0.9956,1.4495,-1,0,veto_z_slope,,,,0.9999988079071045,bull
2025-06-06T13:28:39.026000+03:00,8.89e-06,0.994,1.4325,-1,0,veto_z_slope,,,,0.9999988079071045,bull
2025-06-06T13:28:39.040000+03:00,8.79e-06,0.9853,1.3881,-1,0,veto_z,,,,0.9999977350234985,bull
2025-06-06T13:28:40+03:00,8.79e-06,0.9916,1.3735,-1,0,veto_z,,,,0.9999980926513672,bull
2025-06-06T13:28:40.026000+03:00,8.79e-06,0.9937,1.3592,-1,0,veto_z,,,,0.9999982118606567,bull
2025-06-06T13:28:40.040000+03:00,8.79e-06,0.991,1.3452,-1,0,veto_z,,,,0.9999982118606567,bull
2025-06-06T13:28:41.026000+03:00,8.79e-06,0.9901,1.3313,-1,0,veto_z,,,,0.9999982118606567,bull
2025-06-06T13:28:41.040000+03:00,8.89e-06,0.9891,1.3467,-1,0,veto_z_slope,,,,0.9999982118606567,bull
2025-06-06T13:28:42.026000+03:00,8.89e-06,0.9901,1.3337,-1,0,veto_z_slope,,,,0.999997615814209,bull
2025-06-06T13:28:42.026000+03:00,8.79e-06,0.9891,1.2912,-1,0,veto_z_slope,,,,0.999997615814209,bull
2025-06-06T13:28:43+03:00,8.79e-06,0.9886,1.2783,-1,0,veto_z_slope,,,,0.999997615814209,bull
2025-06-06T13:28:43.026000+03:00,8.79e-06,0.9886,1.2642,-1,0,veto_z_slope,,,,0.999997615814209,bull
2025-06-06T13:28:43.040000+03:00,8.79e-06,0.9886,1.2509,-1,0,veto_z,,,,0.999997615814209,bull
2025-06-06T13:28:44.026000+03:00,8.79e-06,0.9886,1.2379,-1,0,veto_z,,,,0.999997615814209,bull
2025-06-06T13:28:44.039000+03:00,7.92e-06,0.9884,0.9672,-1,0,veto_z,,,,0.999997615814209,bull
2025-06-06T13:28:45.026000+03:00,7.92e-06,0.9891,0.9584,-1,0,veto_z,,,,0.999997615814209,bull
2025-06-06T13:28:45.040000+03:00,7.92e-06,0.9903,0.9497,-1,0,veto_z,,,,0.999997615814209,bull
2025-06-06T13:28:46+03:00,7.92e-06,0.9903,0.9412,-1,0,veto_z,,,,0.999997615814209,bull
2025-06-06T13:28:46.015000+03:00,7.92e-06,0.99,0.9327,-1,0,veto_z,,,,0.999997615814209,bull
2025-06-06T13:28:46.028000+03:00,7.92e-06,0.9874,0.9242,-1,0,veto_z_slope,,,,0.999997615814209,bull
2025-06-06T13:28:47+03:00,7.92e-06,0.9874,0.9159,-1,0,veto_z_slope,,,,0.999997615814209,bull
2025-06-06T13:28:47.026000+03:00,7.92e-06,0.9874,0.9076,-1,0,veto_z_slope,,,,0.999997615814209,bull
2025-06-06T13:28:47.039000+03:00,6.48e-06,0.9647,0.4722,-1,0,veto_z,,,,0.9999970197677612,bull
2025-06-06T13:28:48+03:00,6.48e-06,0.9647,0.4673,-1,0,veto_z,,,,0.9999970197677612,bull
2025-06-06T13:28:48.026000+03:00,6.48e-06,0.9647,0.4625,-1,0,veto_z,,,,0.9999970197677612,bull
2025-06-06T13:28:48.039000+03:00,6.48e-06,0.9647,0.4603,-1,0,veto_z,,,,0.9999970197677612,bull
2025-06-06T13:28:49+03:00,6.48e-06,0.9647,0.4581,-1,0,veto_z,,,,0.9999970197677612,bull
2025-06-06T13:28:49.026000+03:00,6.48e-06,0.9571,0.4565,-1,0,veto_z_slope,,,,0.9999973773956299,bull
2025-06-06T13:28:49.039000+03:00,6.38e-06,0.9474,0.4275,-1,0,veto_z,,,,0.9999973773956299,bull
2025-06-06T13:28:50.025000+03:00,6.38e-06,0.9474,0.4272,-1,0,veto_z,,,,0.9999973773956299,bull
2025-06-06T13:28:50.038000+03:00,6.38e-06,0.9474,0.4269,-1,0,veto_z,,,,0.9999973773956299,bull
2025-06-06T13:28:51+03:00,6.38e-06,0.95,0.4302,-1,0,veto_z,,,,0.9999973773956299,bull
2025-06-06T13:28:51.026000+03:00,6.38e-06,0.95,0.4329,-1,0,veto_z,,,,0.9999973773956299,bull
2025-06-06T13:28:51.039000+03:00,6.38e-06,0.95,0.4361,-1,0,veto_z,,,,0.9999973773956299,bull
2025-06-06T13:28:52+03:00,6.38e-06,0.95,0.4393,-1,0,veto_z,,,,0.9999973773956299,bull
2025-06-06T13:28:52.026000+03:00,6.38e-06,0.95,0.4434,-1,0,veto_z_slope,,,,0.9999973773956299,bull
2025-06-06T13:28:52.039000+03:00,6.48e-06,0.9707,0.4756,-1,0,veto_z_slope,,,,0.9999973773956299,bull
2025-06-06T13:28:53+03:00,6.48e-06,0.9551,0.4789,-1,0,veto_z_slope,,,,0.9999973773956299,bull
2025-06-06T13:28:53.026000+03:00,6.48e-06,0.9551,0.4814,-1,0,veto_z_slope,,,,0.9999973773956299,bull
2025-06-06T13:28:53.040000+03:00,6.48e-06,0.9551,0.4845,-1,0,veto_z_slope,,,,0.9999973773956299,bull
2025-06-06T13:28:54.026000+03:00,6.48e-06,0.9551,0.4884,-1,0,veto_z_slope,,,,0.9999973773956299,bull
2025-06-06T13:28:54.039000+03:00,6.38e-06,0.9522,0.4625,-1,0,veto_z,,,,0.9999973773956299,bull
2025-06-06T13:28:55.026000+03:00,6.38e-06,0.9522,0.4658,-1,0,veto_z,,,,0.9999973773956299,bull
2025-06-06T13:28:55.039000+03:00,6.48e-06,0.9551,0.4983,-1,0,veto_z_slope,,,,0.9999973773956299,bull
2025-06-06T13:28:56+03:00,6.48e-06,0.9574,0.5018,-1,0,veto_z_slope,,,,0.9999973773956299,bull
2025-06-06T13:28:56.026000+03:00,6.48e-06,0.9574,0.5052,-1,0,veto_z_slope,,,,0.9999973773956299,bull
2025-06-06T13:28:56.039000+03:00,7.44e-06,0.9816,0.8013,-1,0,veto_z_slope,,,,0.9999972581863403,bull
2025-06-06T13:28:57+03:00,7.44e-06,0.9816,0.8025,-1,0,veto_z_slope,,,,0.9999972581863403,bull
2025-06-06T13:28:57.026000+03:00,7.44e-06,0.9816,0.8038,-1,0,veto_z_slope,,,,0.9999972581863403,bull
2025-06-06T13:28:57.039000+03:00,7.83e-06,0.9869,0.9221,-1,0,veto_z_slope,,,,0.9999972581863403,bull
2025-06-06T13:28:58+03:00,7.83e-06,0.9869,0.9224,-1,0,veto_z_slope,,,,0.9999972581863403,bull
2025-06-06T13:28:58.026000+03:00,7.83e-06,0.986,0.922,-1,0,veto_z_slope,,,,0.9999972581863403,bull
2025-06-06T13:28:58.039000+03:00,7.92e-06,0.9872,0.9515,-1,0,veto_z_slope,,,,0.9999972581863403,bull
2025-06-06T13:28:59+03:00,7.92e-06,0.9872,0.9515,-1,0,veto_z_slope,,,,0.9999972581863403,bull
2025-06-06T13:28:59.026000+03:00,7.93e-06,0.9832,0.9523,-1,0,veto_z_slope,,,,0.999997615814209,bull
2025-06-06T13:28:59.038000+03:00,8.02e-06,0.9828,0.9815,-1,0,veto_z_slope,,,,0.999997615814209,bull
2025-06-06T13:29:00.014000+03:00,8.02e-06,0.9828,0.9812,-1,0,veto_z_slope,,,,0.999997615814209,bull
2025-06-06T13:29:00.028000+03:00,7.93e-06,0.9832,0.9518,-1,0,veto_z_slope,,,,0.999997615814209,bull
2025-06-06T13:29:01+03:00,7.93e-06,0.9821,0.9521,-1,0,veto_z_slope,,,,0.999997615814209,bull
2025-06-06T13:29:01.026000+03:00,7.93e-06,0.9821,0.9524,-1,0,veto_z_slope,,,,0.999997615814209,bull
2025-06-06T13:29:01.039000+03:00,8.02e-06,0.982,0.9819,-1,0,veto_z_slope,,,,0.999997615814209,bull
2025-06-06T13:29:02+03:00,8.02e-06,0.982,0.9819,-1,0,veto_z_slope,,,,0.999997615814209,bull
2025-06-06T13:29:02.026000+03:00,8.02e-06,0.9864,1.0307,-1,0,veto_z_slope,,,,0.999997615814209,bull
2025-06-06T13:29:02.040000+03:00,7.92e-06,0.989,1.0166,-1,0,veto_z,,,,0.999997615814209,bull
2025-06-06T13:29:03+03:00,-2.08e-06,0.9625,-2.1575,1,0,veto_slope,,,,0.999996542930603,bull
2025-06-06T13:29:03.026000+03:00,-2.08e-06,0.9625,-2.1446,1,0,veto_slope,,,,0.999996542930603,bull
2025-06-06T13:29:03.039000+03:00,-1.98e-06,0.959,-2.0803,1,0,veto_slope,,,,0.9999978542327881,bull
2025-06-06T13:29:04+03:00,-1.98e-06,0.9608,-2.0476,1,0,veto_slope,,,,0.9999978542327881,bull
2025-06-06T13:29:04.026000+03:00,-1.98e-06,0.9637,-2.0161,1,0,veto_slope,,,,0.9999986886978149,bull
2025-06-06T13:29:04.040000+03:00,-2.08e-06,0.9614,-2.0139,1,0,veto_slope,,,,0.9999990463256836,bull
2025-06-06T13:29:05+03:00,-2.08e-06,0.9376,-1.9833,1,0,veto_z_slope,,,,0.9999990463256836,bull
2025-06-06T13:29:05.027000+03:00,-2.08e-06,0.9437,-1.9538,1,0,veto_z_slope,,,,0.9999990463256836,bull
2025-06-06T13:29:05.040000+03:00,-2.08e-06,0.9528,-1.9246,1,0,veto_z_slope,,,,0.9999990463256836,bull
2025-06-06T13:29:06+03:00,-2.08e-06,0.9321,-1.8964,1,0,veto_z_slope,,,,0.999998927116394,bull
2025-06-06T13:29:06.026000+03:00,-2.07e-06,0.9078,-1.8683,1,0,veto_z,,,,0.9999988079071045,bull
2025-06-06T13:29:06.040000+03:00,-2.07e-06,0.9384,-1.8418,1,0,veto_z,,,,0.9999992847442627,bull
2025-06-06T13:29:07+03:00,-2.07e-06,0.8927,-1.816,1,0,veto_z,,,,0.9999995231628418,bull
2025-06-06T13:29:07.026000+03:00,-2.07e-06,0.9177,-1.791,1,0,veto_z,,,,0.9999995231628418,bull
2025-06-06T13:29:07.039000+03:00,-2.07e-06,0.8954,-1.7667,1,0,veto_z,,,,0.9999997615814209,bull
2025-06-06T13:29:08+03:00,7.93e-06,0.9886,1.0303,-1,0,veto_z_slope,,,,0.9999990463256836,bull
2025-06-06T13:29:08.027000+03:00,7.92e-06,0.991,1.0247,-1,0,veto_z_slope,,,,0.9999990463256836,bull
2025-06-06T13:29:08.040000+03:00,8.02e-06,0.9887,1.0463,-1,0,veto_z_slope,,,,0.9999990463256836,bull
2025-06-06T13:29:09.026000+03:00,8.02e-06,0.9887,1.0411,-1,0,veto_z_slope,,,,0.9999988079071045,bull
2025-06-06T13:29:09.039000+03:00,8.02e-06,0.9835,1.0359,-1,0,veto_z_slope,,,,0.9999988079071045,bull
2025-06-06T13:29:10+03:00,8.02e-06,0.9842,1.0307,-1,0,veto_z_slope,,,,0.9999995231628418,bull
2025-06-06T13:29:10.026000+03:00,8.02e-06,0.9789,1.0255,-1,0,veto_z_slope,,,,0.9999995231628418,bull
2025-06-06T13:29:10.039000+03:00,8.02e-06,0.9824,1.0204,-1,0,veto_z_slope,,,,0.9999996423721313,bull
2025-06-06T13:29:11+03:00,8.02e-06,0.9824,1.0148,-1,0,veto_z_slope,,,,0.9999996423721313,bull
2025-06-06T13:29:11.026000+03:00,8.02e-06,0.9808,1.0098,-1,0,veto_z_slope,,,,0.9999996423721313,bull
2025-06-06T13:29:11.040000+03:00,1.072e-05,0.9833,1.7304,-1,0,veto_z_slope,,,,0.9999992847442627,bull
2025-06-06T13:29:12+03:00,1.072e-05,0.9833,1.7112,-1,0,veto_z_slope,,,,0.9999992847442627,bull
2025-06-06T13:29:12.026000+03:00,1.072e-05,0.9906,1.6919,-1,0,veto_z_slope,,,,0.9999985694885254,bull
2025-06-06T13:29:12.039000+03:00,1.072e-05,0.9913,1.6735,-1,0,veto_z_slope,,,,0.9999985694885254,bull
2025-06-06T13:29:13.026000+03:00,1.072e-05,0.9876,1.6562,-1,0,veto_z_slope,,,,0.9999985694885254,bull
2025-06-06T13:29:13.039000+03:00,1.072e-05,0.9784,1.6387,-1,0,veto_z_slope,,,,0.9999994039535522,bull
